
INSERT INTO users (id, api_key, attributes, created_date, email, gender, given_names, last_modified_date, password, preferred_language, secret, surname, username, createdby_id, directory_id, lastmodifiedby_id) VALUES (1, '3Q2JBVEASJY2SC6', NULL, '2014-09-25 16:28:39.592', 'support@gazpacho.net', NULL, 'support', '2014-09-25 16:28:39.592', NULL, NULL, 'XFQRMVGKR8R328TJ78E688J9MB8D6HS4', 'support', 'support', 1, NULL, 1);
INSERT INTO users (id, api_key, attributes, created_date, email, gender, given_names, last_modified_date, password, preferred_language, secret, surname, username, createdby_id, directory_id, lastmodifiedby_id) VALUES (4, 'E3QGN7V5W88GZJL', NULL, '2014-09-25 16:28:39.67', 'tyrion.lannister@kingslanding.net', 'M', 'Tyrion', '2014-09-25 16:28:39.67', NULL, NULL, 'Z8W4QC6T2665Q7VSDEV9GKWBAKUP46FM', 'Lannister', NULL, 1, NULL, 1);
INSERT INTO users (id, api_key, attributes, created_date, email, gender, given_names, last_modified_date, password, preferred_language, secret, surname, username, createdby_id, directory_id, lastmodifiedby_id) VALUES (6, 'M4HSHY4T9YQMNCA', NULL, '2014-09-25 16:28:39.686', 'jon.snow@nightswatch.net', 'M', 'Jon', '2014-09-25 16:28:39.686', NULL, 'ES', 'M2QA8R35VPWS9UQAXKLVBH7VKMECPFT6', 'Snow', NULL, 1, NULL, 1);
INSERT INTO users (id, api_key, attributes, created_date, email, gender, given_names, last_modified_date, password, preferred_language, secret, surname, username, createdby_id, directory_id, lastmodifiedby_id) VALUES (8, '8KKZRZDD4BMAS8P', NULL, '2014-09-25 16:28:39.702', 'arya.stark@winterfell.net', 'F', 'Arya', '2014-09-25 16:28:39.702', NULL, 'EN', 'RQFVVJ8SFU6FK5HYN68J23VYBC26Q975', 'Stark', NULL, 1, NULL, 1);
INSERT INTO users (id, api_key, attributes, created_date, email, gender, given_names, last_modified_date, password, preferred_language, secret, surname, username, createdby_id, directory_id, lastmodifiedby_id) VALUES (10, 'GMKLCL9NZJYMNZG', NULL, '2014-09-25 16:28:39.702', 'catelyn.stark@winterfell.net', 'F', 'Catelyn', '2014-09-25 16:28:39.702', NULL, 'FI', 'MXGVSBCRV8SBZNN29UF6BZEKYQPRU879', 'Stark', NULL, 1, NULL, 1);


--
-- TOC entry 2251 (class 0 OID 118211)
-- Dependencies: 180
-- Data for Name: questionnaire_definition; Type: TABLE DATA; Schema: public; Owner: postgres
--

INSERT INTO questionnaire_definition (id, created_date, language, last_modified_date, progress_visible, questions_per_page, randomization_strategy, rendering_mode, section_info_visible, status, welcome_visible, description, end_text, title, welcome_text, createdby_id, lastmodifiedby_id) VALUES (12, '2014-09-25 16:28:39.733', 'EN', '2014-09-25 16:28:39.733', true, NULL, 'N', 'SBS', true, 'C', true, 'How much do you know about Europe? Answer to this questions and let''s find out!', NULL, 'European general knowledge quiz', 'Thank you for taking the time to participate in this questionnaire.', 1, 1);
INSERT INTO questionnaire_definition (id, created_date, language, last_modified_date, progress_visible, questions_per_page, randomization_strategy, rendering_mode, section_info_visible, status, welcome_visible, description, end_text, title, welcome_text, createdby_id, lastmodifiedby_id) VALUES (121, '2014-09-25 16:28:40.736', 'EN', '2014-09-25 16:28:40.736', true, NULL, 'N', 'AIO', true, 'C', true, 'How much do you know about Europe? Answer to this questions and let''s find out!', NULL, 'European general knowledge quiz', 'Thank you for taking the time to participate in this questionnaire.', 1, 1);
INSERT INTO questionnaire_definition (id, created_date, language, last_modified_date, progress_visible, questions_per_page, randomization_strategy, rendering_mode, section_info_visible, status, welcome_visible, description, end_text, title, welcome_text, createdby_id, lastmodifiedby_id) VALUES (215, '2014-09-25 16:28:41.551', 'EN', '2014-09-25 16:28:41.551', true, 1, 'Q', 'SBS', true, 'C', true, 'How much do you know about Europe? Answer to this questions and let''s find out!', NULL, 'European general knowledge quiz', 'Thank you for taking the time to participate in this questionnaire.', 1, 1);
INSERT INTO questionnaire_definition (id, created_date, language, last_modified_date, progress_visible, questions_per_page, randomization_strategy, rendering_mode, section_info_visible, status, welcome_visible, description, end_text, title, welcome_text, createdby_id, lastmodifiedby_id) VALUES (324, '2014-09-25 16:28:42.852', 'EN', '2014-09-25 16:28:42.852', true, NULL, 'S', 'SBS', true, 'C', true, 'How much do you know about Europe? Answer to this questions and let''s find out!', NULL, 'European general knowledge quiz', 'Thank you for taking the time to participate in this questionnaire.', 1, 1);
INSERT INTO questionnaire_definition (id, created_date, language, last_modified_date, progress_visible, questions_per_page, randomization_strategy, rendering_mode, section_info_visible, status, welcome_visible, description, end_text, title, welcome_text, createdby_id, lastmodifiedby_id) VALUES (433, '2014-09-25 16:28:43.745', 'EN', '2014-09-25 16:28:43.745', true, NULL, 'N', 'SBS', true, 'C', true, 'How much do you know about Europe? Answer to this questions and let''s find out!', NULL, 'European general knowledge quiz', 'Thank you for taking the time to participate in this questionnaire.', 1, 1);
INSERT INTO questionnaire_definition (id, created_date, language, last_modified_date, progress_visible, questions_per_page, randomization_strategy, rendering_mode, section_info_visible, status, welcome_visible, description, end_text, title, welcome_text, createdby_id, lastmodifiedby_id) VALUES (542, '2014-09-25 16:28:44.45', 'EN', '2014-09-25 16:28:44.45', true, NULL, 'N', 'SBS', true, 'C', true, 'We at BIG DEES take pride in providing you with the highest standards of QUALITY, SERVICE, CLEANLINESS and VALUE in the restaurant industry.', NULL, 'Food Quality QuestionnaireDefinition', 'Your opinion is extremely important in evaluating our business. Thank you for taking a moment to questionOption the following questions:', 1, 1);


--
-- TOC entry 2254 (class 0 OID 118235)
-- Dependencies: 183
-- Data for Name: section; Type: TABLE DATA; Schema: public; Owner: postgres
--

INSERT INTO section (id, created_date, language, last_modified_date, randomization_enabled, description, title, createdby_id, lastmodifiedby_id, questionnairedefinition_id, order_in_questionnaire) VALUES (15, '2014-09-25 16:28:39.78', 'EN', '2014-09-25 16:28:39.78', false, NULL, 'European Capitals', 1, 1, 12, 0);
INSERT INTO section (id, created_date, language, last_modified_date, randomization_enabled, description, title, createdby_id, lastmodifiedby_id, questionnairedefinition_id, order_in_questionnaire) VALUES (17, '2014-09-25 16:28:39.811', 'EN', '2014-09-25 16:28:39.811', false, NULL, 'European Union', 1, 1, 12, 1);
INSERT INTO section (id, created_date, language, last_modified_date, randomization_enabled, description, title, createdby_id, lastmodifiedby_id, questionnairedefinition_id, order_in_questionnaire) VALUES (19, '2014-09-25 16:28:39.842', 'EN', '2014-09-25 16:28:39.842', false, NULL, 'European History', 1, 1, 12, 2);
INSERT INTO section (id, created_date, language, last_modified_date, randomization_enabled, description, title, createdby_id, lastmodifiedby_id, questionnairedefinition_id, order_in_questionnaire) VALUES (124, '2014-09-25 16:28:40.767', 'EN', '2014-09-25 16:28:40.767', false, NULL, 'European Capitals', 1, 1, 121, 0);
INSERT INTO section (id, created_date, language, last_modified_date, randomization_enabled, description, title, createdby_id, lastmodifiedby_id, questionnairedefinition_id, order_in_questionnaire) VALUES (126, '2014-09-25 16:28:40.783', 'EN', '2014-09-25 16:28:40.783', false, NULL, 'European Union', 1, 1, 121, 1);
INSERT INTO section (id, created_date, language, last_modified_date, randomization_enabled, description, title, createdby_id, lastmodifiedby_id, questionnairedefinition_id, order_in_questionnaire) VALUES (128, '2014-09-25 16:28:40.799', 'EN', '2014-09-25 16:28:40.799', false, NULL, 'European History', 1, 1, 121, 2);
INSERT INTO section (id, created_date, language, last_modified_date, randomization_enabled, description, title, createdby_id, lastmodifiedby_id, questionnairedefinition_id, order_in_questionnaire) VALUES (218, '2014-09-25 16:28:41.567', 'EN', '2014-09-25 16:28:41.567', false, NULL, 'European Capitals', 1, 1, 215, 0);
INSERT INTO section (id, created_date, language, last_modified_date, randomization_enabled, description, title, createdby_id, lastmodifiedby_id, questionnairedefinition_id, order_in_questionnaire) VALUES (220, '2014-09-25 16:28:41.582', 'EN', '2014-09-25 16:28:41.582', false, NULL, 'European Union', 1, 1, 215, 1);
INSERT INTO section (id, created_date, language, last_modified_date, randomization_enabled, description, title, createdby_id, lastmodifiedby_id, questionnairedefinition_id, order_in_questionnaire) VALUES (222, '2014-09-25 16:28:41.598', 'EN', '2014-09-25 16:28:41.598', false, NULL, 'European History', 1, 1, 215, 2);
INSERT INTO section (id, created_date, language, last_modified_date, randomization_enabled, description, title, createdby_id, lastmodifiedby_id, questionnairedefinition_id, order_in_questionnaire) VALUES (327, '2014-09-25 16:28:42.868', 'EN', '2014-09-25 16:28:42.868', false, NULL, 'European Capitals', 1, 1, 324, 0);
INSERT INTO section (id, created_date, language, last_modified_date, randomization_enabled, description, title, createdby_id, lastmodifiedby_id, questionnairedefinition_id, order_in_questionnaire) VALUES (329, '2014-09-25 16:28:42.883', 'EN', '2014-09-25 16:28:42.883', false, NULL, 'European Union', 1, 1, 324, 1);
INSERT INTO section (id, created_date, language, last_modified_date, randomization_enabled, description, title, createdby_id, lastmodifiedby_id, questionnairedefinition_id, order_in_questionnaire) VALUES (331, '2014-09-25 16:28:42.899', 'EN', '2014-09-25 16:28:42.899', false, NULL, 'European History', 1, 1, 324, 2);
INSERT INTO section (id, created_date, language, last_modified_date, randomization_enabled, description, title, createdby_id, lastmodifiedby_id, questionnairedefinition_id, order_in_questionnaire) VALUES (438, '2014-09-25 16:28:43.792', 'EN', '2014-09-25 16:28:43.792', false, NULL, 'European Union', 1, 1, 433, 1);
INSERT INTO section (id, created_date, language, last_modified_date, randomization_enabled, description, title, createdby_id, lastmodifiedby_id, questionnairedefinition_id, order_in_questionnaire) VALUES (440, '2014-09-25 16:28:43.823', 'EN', '2014-09-25 16:28:43.823', false, NULL, 'European History', 1, 1, 433, 2);
INSERT INTO section (id, created_date, language, last_modified_date, randomization_enabled, description, title, createdby_id, lastmodifiedby_id, questionnairedefinition_id, order_in_questionnaire) VALUES (436, '2014-09-25 16:28:43.777', 'EN', '2014-09-25 16:28:43.777', true, NULL, 'European Capitals', 1, 1, 433, 0);
INSERT INTO section (id, created_date, language, last_modified_date, randomization_enabled, description, title, createdby_id, lastmodifiedby_id, questionnairedefinition_id, order_in_questionnaire) VALUES (544, '2014-09-25 16:28:44.45', 'EN', '2014-09-25 16:28:44.45', false, NULL, 'Fast Food QuestionnaireDefinition - Section', 1, 1, 542, 0);


--
-- TOC entry 2249 (class 0 OID 118198)
-- Dependencies: 178
-- Data for Name: question; Type: TABLE DATA; Schema: public; Owner: postgres
--

INSERT INTO question (id, code, created_date, language, last_modified_date, other_allowed, required, type, help, title, createdby_id, lastmodifiedby_id, parent_id, section_id, order_in_subquestions, order_in_section) VALUES (21, 'Q1', '2014-09-25 16:28:39.873', 'EN', '2014-09-25 16:28:39.873', false, true, 'S', NULL, 'What is the capital of Malta?', 1, 1, NULL, 15, NULL, 0);
INSERT INTO question (id, code, created_date, language, last_modified_date, other_allowed, required, type, help, title, createdby_id, lastmodifiedby_id, parent_id, section_id, order_in_subquestions, order_in_section) VALUES (23, 'Q2', '2014-09-25 16:28:39.905', 'EN', '2014-09-25 16:28:39.905', false, true, 'L', NULL, 'Which the country has as capital Copenhague?', 1, 1, NULL, 15, NULL, 1);
INSERT INTO question (id, code, created_date, language, last_modified_date, other_allowed, required, type, help, title, createdby_id, lastmodifiedby_id, parent_id, section_id, order_in_subquestions, order_in_section) VALUES (33, 'Q3', '2014-09-25 16:28:39.971', 'EN', '2014-09-25 16:28:39.971', false, true, 'N', NULL, 'How many European capitals were founded by Romans?', 1, 1, NULL, 15, NULL, 2);
INSERT INTO question (id, code, created_date, language, last_modified_date, other_allowed, required, type, help, title, createdby_id, lastmodifiedby_id, parent_id, section_id, order_in_subquestions, order_in_section) VALUES (35, 'Q4', '2014-09-25 16:28:40.017', 'EN', '2014-09-25 16:28:40.017', false, false, 'M', NULL, 'Which ones of these European capital are near by a river? Choose all that apply.', 1, 1, NULL, 15, NULL, 3);
INSERT INTO question (id, code, created_date, language, last_modified_date, other_allowed, required, type, help, title, createdby_id, lastmodifiedby_id, parent_id, section_id, order_in_subquestions, order_in_section) VALUES (45, 'Q5', '2014-09-25 16:28:40.064', 'EN', '2014-09-25 16:28:40.064', false, true, 'S', NULL, 'What does EU stand for??', 1, 1, NULL, 17, NULL, 0);
INSERT INTO question (id, code, created_date, language, last_modified_date, other_allowed, required, type, help, title, createdby_id, lastmodifiedby_id, parent_id, section_id, order_in_subquestions, order_in_section) VALUES (47, 'Q6', '2014-09-25 16:28:40.096', 'EN', '2014-09-25 16:28:40.096', false, true, 'L', NULL, 'Where was the treaty signed that created the European economic community - forerunner of the EU?', 1, 1, NULL, 17, NULL, 1);
INSERT INTO question (id, code, created_date, language, last_modified_date, other_allowed, required, type, help, title, createdby_id, lastmodifiedby_id, parent_id, section_id, order_in_subquestions, order_in_section) VALUES (57, 'Q7', '2014-09-25 16:28:40.142', 'EN', '2014-09-25 16:28:40.142', false, false, 'M', NULL, 'Which ones of these European countries belongs to Euro Zone? Choose all that apply.', 1, 1, NULL, 17, NULL, 2);
INSERT INTO question (id, code, created_date, language, last_modified_date, other_allowed, required, type, help, title, createdby_id, lastmodifiedby_id, parent_id, section_id, order_in_subquestions, order_in_section) VALUES (67, 'Q8', '2014-09-25 16:28:40.205', 'EN', '2014-09-25 16:28:40.205', false, true, 'N', NULL, 'How many finnish marc do you need to get an euro?', 1, 1, NULL, 17, NULL, 3);
INSERT INTO question (id, code, created_date, language, last_modified_date, other_allowed, required, type, help, title, createdby_id, lastmodifiedby_id, parent_id, section_id, order_in_subquestions, order_in_section) VALUES (69, 'Q9', '2014-09-25 16:28:40.252', 'EN', '2014-09-25 16:28:40.252', false, true, 'L', NULL, 'Where was Christopher columbus was born?', 1, 1, NULL, 19, NULL, 0);
INSERT INTO question (id, code, created_date, language, last_modified_date, other_allowed, required, type, help, title, createdby_id, lastmodifiedby_id, parent_id, section_id, order_in_subquestions, order_in_section) VALUES (79, 'Q10', '2014-09-25 16:28:40.299', 'EN', '2014-09-25 16:28:40.299', false, true, 'L', NULL, 'What was the large Eurpean Empire in century 16th ?', 1, 1, NULL, 19, NULL, 1);
INSERT INTO question (id, code, created_date, language, last_modified_date, other_allowed, required, type, help, title, createdby_id, lastmodifiedby_id, parent_id, section_id, order_in_subquestions, order_in_section) VALUES (89, 'Q11', '2014-09-25 16:28:40.346', 'EN', '2014-09-25 16:28:40.346', false, true, 'S', NULL, 'Which nationality has the first european that to get Congo?', 1, 1, NULL, 19, NULL, 2);
INSERT INTO question (id, code, created_date, language, last_modified_date, other_allowed, required, type, help, title, createdby_id, lastmodifiedby_id, parent_id, section_id, order_in_subquestions, order_in_section) VALUES (91, 'Q12', '2014-09-25 16:28:40.377', 'EN', '2014-09-25 16:28:40.377', false, true, 'L', NULL, 'Which of the men caused more casualities in Europe?', 1, 1, NULL, 19, NULL, 3);
INSERT INTO question (id, code, created_date, language, last_modified_date, other_allowed, required, type, help, title, createdby_id, lastmodifiedby_id, parent_id, section_id, order_in_subquestions, order_in_section) VALUES (130, 'Q1', '2014-09-25 16:28:40.814', 'EN', '2014-09-25 16:28:40.814', false, true, 'S', NULL, 'What is the capital of Malta?', 1, 1, NULL, 124, NULL, 0);
INSERT INTO question (id, code, created_date, language, last_modified_date, other_allowed, required, type, help, title, createdby_id, lastmodifiedby_id, parent_id, section_id, order_in_subquestions, order_in_section) VALUES (132, 'Q2', '2014-09-25 16:28:40.846', 'EN', '2014-09-25 16:28:40.846', false, true, 'L', NULL, 'Which the country has as capital Copenhague?', 1, 1, NULL, 124, NULL, 1);
INSERT INTO question (id, code, created_date, language, last_modified_date, other_allowed, required, type, help, title, createdby_id, lastmodifiedby_id, parent_id, section_id, order_in_subquestions, order_in_section) VALUES (142, 'Q3', '2014-09-25 16:28:40.877', 'EN', '2014-09-25 16:28:40.877', false, true, 'N', NULL, 'How many European capitals were founded by Romans?', 1, 1, NULL, 124, NULL, 2);
INSERT INTO question (id, code, created_date, language, last_modified_date, other_allowed, required, type, help, title, createdby_id, lastmodifiedby_id, parent_id, section_id, order_in_subquestions, order_in_section) VALUES (144, 'Q4', '2014-09-25 16:28:40.908', 'EN', '2014-09-25 16:28:40.908', false, false, 'M', NULL, 'Which ones of these European capital are near by a river? Choose all that apply.', 1, 1, NULL, 124, NULL, 3);
INSERT INTO question (id, code, created_date, language, last_modified_date, other_allowed, required, type, help, title, createdby_id, lastmodifiedby_id, parent_id, section_id, order_in_subquestions, order_in_section) VALUES (154, 'Q5', '2014-09-25 16:28:40.957', 'EN', '2014-09-25 16:28:40.957', false, true, 'S', NULL, 'What does EU stand for??', 1, 1, NULL, 126, NULL, 0);
INSERT INTO question (id, code, created_date, language, last_modified_date, other_allowed, required, type, help, title, createdby_id, lastmodifiedby_id, parent_id, section_id, order_in_subquestions, order_in_section) VALUES (156, 'Q6', '2014-09-25 16:28:40.973', 'EN', '2014-09-25 16:28:40.973', false, true, 'L', NULL, 'Where was the treaty signed that created the European economic community - forerunner of the EU?', 1, 1, NULL, 126, NULL, 1);
INSERT INTO question (id, code, created_date, language, last_modified_date, other_allowed, required, type, help, title, createdby_id, lastmodifiedby_id, parent_id, section_id, order_in_subquestions, order_in_section) VALUES (166, 'Q7', '2014-09-25 16:28:41.02', 'EN', '2014-09-25 16:28:41.02', false, false, 'M', NULL, 'Which ones of these European countries belongs to Euro Zone? Choose all that apply.', 1, 1, NULL, 126, NULL, 2);
INSERT INTO question (id, code, created_date, language, last_modified_date, other_allowed, required, type, help, title, createdby_id, lastmodifiedby_id, parent_id, section_id, order_in_subquestions, order_in_section) VALUES (176, 'Q8', '2014-09-25 16:28:41.066', 'EN', '2014-09-25 16:28:41.066', false, true, 'N', NULL, 'How many finnish marc do you need to get an euro?', 1, 1, NULL, 126, NULL, 3);
INSERT INTO question (id, code, created_date, language, last_modified_date, other_allowed, required, type, help, title, createdby_id, lastmodifiedby_id, parent_id, section_id, order_in_subquestions, order_in_section) VALUES (178, 'Q9', '2014-09-25 16:28:41.098', 'EN', '2014-09-25 16:28:41.098', false, true, 'L', NULL, 'Where was Christopher columbus was born?', 1, 1, NULL, 128, NULL, 0);
INSERT INTO question (id, code, created_date, language, last_modified_date, other_allowed, required, type, help, title, createdby_id, lastmodifiedby_id, parent_id, section_id, order_in_subquestions, order_in_section) VALUES (188, 'Q10', '2014-09-25 16:28:41.145', 'EN', '2014-09-25 16:28:41.145', false, true, 'L', NULL, 'What was the large Eurpean Empire in century 16th ?', 1, 1, NULL, 128, NULL, 1);
INSERT INTO question (id, code, created_date, language, last_modified_date, other_allowed, required, type, help, title, createdby_id, lastmodifiedby_id, parent_id, section_id, order_in_subquestions, order_in_section) VALUES (198, 'Q11', '2014-09-25 16:28:41.191', 'EN', '2014-09-25 16:28:41.191', false, true, 'S', NULL, 'Which nationality has the first european that to get Congo?', 1, 1, NULL, 128, NULL, 2);
INSERT INTO question (id, code, created_date, language, last_modified_date, other_allowed, required, type, help, title, createdby_id, lastmodifiedby_id, parent_id, section_id, order_in_subquestions, order_in_section) VALUES (200, 'Q12', '2014-09-25 16:28:41.207', 'EN', '2014-09-25 16:28:41.207', false, true, 'L', NULL, 'Which of the men caused more casualities in Europe?', 1, 1, NULL, 128, NULL, 3);
INSERT INTO question (id, code, created_date, language, last_modified_date, other_allowed, required, type, help, title, createdby_id, lastmodifiedby_id, parent_id, section_id, order_in_subquestions, order_in_section) VALUES (224, 'Q1', '2014-09-25 16:28:41.629', 'EN', '2014-09-25 16:28:41.629', false, true, 'S', NULL, 'What is the capital of Malta?', 1, 1, NULL, 218, NULL, 0);
INSERT INTO question (id, code, created_date, language, last_modified_date, other_allowed, required, type, help, title, createdby_id, lastmodifiedby_id, parent_id, section_id, order_in_subquestions, order_in_section) VALUES (226, 'Q2', '2014-09-25 16:28:41.645', 'EN', '2014-09-25 16:28:41.645', false, true, 'L', NULL, 'Which the country has as capital Copenhague?', 1, 1, NULL, 218, NULL, 1);
INSERT INTO question (id, code, created_date, language, last_modified_date, other_allowed, required, type, help, title, createdby_id, lastmodifiedby_id, parent_id, section_id, order_in_subquestions, order_in_section) VALUES (236, 'Q3', '2014-09-25 16:28:41.692', 'EN', '2014-09-25 16:28:41.692', false, true, 'N', NULL, 'How many European capitals were founded by Romans?', 1, 1, NULL, 218, NULL, 2);
INSERT INTO question (id, code, created_date, language, last_modified_date, other_allowed, required, type, help, title, createdby_id, lastmodifiedby_id, parent_id, section_id, order_in_subquestions, order_in_section) VALUES (238, 'Q4', '2014-09-25 16:28:41.707', 'EN', '2014-09-25 16:28:41.707', false, false, 'M', NULL, 'Which ones of these European capital are near by a river? Choose all that apply.', 1, 1, NULL, 218, NULL, 3);
INSERT INTO question (id, code, created_date, language, last_modified_date, other_allowed, required, type, help, title, createdby_id, lastmodifiedby_id, parent_id, section_id, order_in_subquestions, order_in_section) VALUES (248, 'Q5', '2014-09-25 16:28:41.754', 'EN', '2014-09-25 16:28:41.754', false, true, 'S', NULL, 'What does EU stand for??', 1, 1, NULL, 220, NULL, 0);
INSERT INTO question (id, code, created_date, language, last_modified_date, other_allowed, required, type, help, title, createdby_id, lastmodifiedby_id, parent_id, section_id, order_in_subquestions, order_in_section) VALUES (250, 'Q6', '2014-09-25 16:28:41.77', 'EN', '2014-09-25 16:28:41.77', false, true, 'L', NULL, 'Where was the treaty signed that created the European economic community - forerunner of the EU?', 1, 1, NULL, 220, NULL, 1);
INSERT INTO question (id, code, created_date, language, last_modified_date, other_allowed, required, type, help, title, createdby_id, lastmodifiedby_id, parent_id, section_id, order_in_subquestions, order_in_section) VALUES (260, 'Q7', '2014-09-25 16:28:41.817', 'EN', '2014-09-25 16:28:41.817', false, false, 'M', NULL, 'Which ones of these European countries belongs to Euro Zone? Choose all that apply.', 1, 1, NULL, 220, NULL, 2);
INSERT INTO question (id, code, created_date, language, last_modified_date, other_allowed, required, type, help, title, createdby_id, lastmodifiedby_id, parent_id, section_id, order_in_subquestions, order_in_section) VALUES (270, 'Q8', '2014-09-25 16:28:41.91', 'EN', '2014-09-25 16:28:41.91', false, true, 'N', NULL, 'How many finnish marc do you need to get an euro?', 1, 1, NULL, 220, NULL, 3);
INSERT INTO question (id, code, created_date, language, last_modified_date, other_allowed, required, type, help, title, createdby_id, lastmodifiedby_id, parent_id, section_id, order_in_subquestions, order_in_section) VALUES (272, 'Q9', '2014-09-25 16:28:41.926', 'EN', '2014-09-25 16:28:41.926', false, true, 'L', NULL, 'Where was Christopher columbus was born?', 1, 1, NULL, 222, NULL, 0);
INSERT INTO question (id, code, created_date, language, last_modified_date, other_allowed, required, type, help, title, createdby_id, lastmodifiedby_id, parent_id, section_id, order_in_subquestions, order_in_section) VALUES (282, 'Q10', '2014-09-25 16:28:41.976', 'EN', '2014-09-25 16:28:41.976', false, true, 'L', NULL, 'What was the large Eurpean Empire in century 16th ?', 1, 1, NULL, 222, NULL, 1);
INSERT INTO question (id, code, created_date, language, last_modified_date, other_allowed, required, type, help, title, createdby_id, lastmodifiedby_id, parent_id, section_id, order_in_subquestions, order_in_section) VALUES (292, 'Q11', '2014-09-25 16:28:42.037', 'EN', '2014-09-25 16:28:42.037', false, true, 'S', NULL, 'Which nationality has the first european that to get Congo?', 1, 1, NULL, 222, NULL, 2);
INSERT INTO question (id, code, created_date, language, last_modified_date, other_allowed, required, type, help, title, createdby_id, lastmodifiedby_id, parent_id, section_id, order_in_subquestions, order_in_section) VALUES (294, 'Q12', '2014-09-25 16:28:42.064', 'EN', '2014-09-25 16:28:42.064', false, true, 'L', NULL, 'Which of the men caused more casualities in Europe?', 1, 1, NULL, 222, NULL, 3);
INSERT INTO question (id, code, created_date, language, last_modified_date, other_allowed, required, type, help, title, createdby_id, lastmodifiedby_id, parent_id, section_id, order_in_subquestions, order_in_section) VALUES (333, 'Q1', '2014-09-25 16:28:42.914', 'EN', '2014-09-25 16:28:42.914', false, true, 'S', NULL, 'What is the capital of Malta?', 1, 1, NULL, 327, NULL, 0);
INSERT INTO question (id, code, created_date, language, last_modified_date, other_allowed, required, type, help, title, createdby_id, lastmodifiedby_id, parent_id, section_id, order_in_subquestions, order_in_section) VALUES (335, 'Q2', '2014-09-25 16:28:42.93', 'EN', '2014-09-25 16:28:42.93', false, true, 'L', NULL, 'Which the country has as capital Copenhague?', 1, 1, NULL, 327, NULL, 1);
INSERT INTO question (id, code, created_date, language, last_modified_date, other_allowed, required, type, help, title, createdby_id, lastmodifiedby_id, parent_id, section_id, order_in_subquestions, order_in_section) VALUES (345, 'Q3', '2014-09-25 16:28:42.964', 'EN', '2014-09-25 16:28:42.964', false, true, 'N', NULL, 'How many European capitals were founded by Romans?', 1, 1, NULL, 327, NULL, 2);
INSERT INTO question (id, code, created_date, language, last_modified_date, other_allowed, required, type, help, title, createdby_id, lastmodifiedby_id, parent_id, section_id, order_in_subquestions, order_in_section) VALUES (347, 'Q4', '2014-09-25 16:28:42.98', 'EN', '2014-09-25 16:28:42.98', false, false, 'M', NULL, 'Which ones of these European capital are near by a river? Choose all that apply.', 1, 1, NULL, 327, NULL, 3);
INSERT INTO question (id, code, created_date, language, last_modified_date, other_allowed, required, type, help, title, createdby_id, lastmodifiedby_id, parent_id, section_id, order_in_subquestions, order_in_section) VALUES (357, 'Q5', '2014-09-25 16:28:43.011', 'EN', '2014-09-25 16:28:43.011', false, true, 'S', NULL, 'What does EU stand for??', 1, 1, NULL, 329, NULL, 0);
INSERT INTO question (id, code, created_date, language, last_modified_date, other_allowed, required, type, help, title, createdby_id, lastmodifiedby_id, parent_id, section_id, order_in_subquestions, order_in_section) VALUES (359, 'Q6', '2014-09-25 16:28:43.026', 'EN', '2014-09-25 16:28:43.026', false, true, 'L', NULL, 'Where was the treaty signed that created the European economic community - forerunner of the EU?', 1, 1, NULL, 329, NULL, 1);
INSERT INTO question (id, code, created_date, language, last_modified_date, other_allowed, required, type, help, title, createdby_id, lastmodifiedby_id, parent_id, section_id, order_in_subquestions, order_in_section) VALUES (369, 'Q7', '2014-09-25 16:28:43.073', 'EN', '2014-09-25 16:28:43.073', false, false, 'M', NULL, 'Which ones of these European countries belongs to Euro Zone? Choose all that apply.', 1, 1, NULL, 329, NULL, 2);
INSERT INTO question (id, code, created_date, language, last_modified_date, other_allowed, required, type, help, title, createdby_id, lastmodifiedby_id, parent_id, section_id, order_in_subquestions, order_in_section) VALUES (379, 'Q8', '2014-09-25 16:28:43.105', 'EN', '2014-09-25 16:28:43.105', false, true, 'N', NULL, 'How many finnish marc do you need to get an euro?', 1, 1, NULL, 329, NULL, 3);
INSERT INTO question (id, code, created_date, language, last_modified_date, other_allowed, required, type, help, title, createdby_id, lastmodifiedby_id, parent_id, section_id, order_in_subquestions, order_in_section) VALUES (381, 'Q9', '2014-09-25 16:28:43.136', 'EN', '2014-09-25 16:28:43.136', false, true, 'L', NULL, 'Where was Christopher columbus was born?', 1, 1, NULL, 331, NULL, 0);
INSERT INTO question (id, code, created_date, language, last_modified_date, other_allowed, required, type, help, title, createdby_id, lastmodifiedby_id, parent_id, section_id, order_in_subquestions, order_in_section) VALUES (391, 'Q10', '2014-09-25 16:28:43.167', 'EN', '2014-09-25 16:28:43.167', false, true, 'L', NULL, 'What was the large Eurpean Empire in century 16th ?', 1, 1, NULL, 331, NULL, 1);
INSERT INTO question (id, code, created_date, language, last_modified_date, other_allowed, required, type, help, title, createdby_id, lastmodifiedby_id, parent_id, section_id, order_in_subquestions, order_in_section) VALUES (401, 'Q11', '2014-09-25 16:28:43.198', 'EN', '2014-09-25 16:28:43.198', false, true, 'S', NULL, 'Which nationality has the first european that to get Congo?', 1, 1, NULL, 331, NULL, 2);
INSERT INTO question (id, code, created_date, language, last_modified_date, other_allowed, required, type, help, title, createdby_id, lastmodifiedby_id, parent_id, section_id, order_in_subquestions, order_in_section) VALUES (403, 'Q12', '2014-09-25 16:28:43.214', 'EN', '2014-09-25 16:28:43.214', false, true, 'L', NULL, 'Which of the men caused more casualities in Europe?', 1, 1, NULL, 331, NULL, 3);
INSERT INTO question (id, code, created_date, language, last_modified_date, other_allowed, required, type, help, title, createdby_id, lastmodifiedby_id, parent_id, section_id, order_in_subquestions, order_in_section) VALUES (442, 'Q1', '2014-09-25 16:28:43.839', 'EN', '2014-09-25 16:28:43.839', false, true, 'S', NULL, 'What is the capital of Malta?', 1, 1, NULL, 436, NULL, 0);
INSERT INTO question (id, code, created_date, language, last_modified_date, other_allowed, required, type, help, title, createdby_id, lastmodifiedby_id, parent_id, section_id, order_in_subquestions, order_in_section) VALUES (444, 'Q2', '2014-09-25 16:28:43.839', 'EN', '2014-09-25 16:28:43.839', false, true, 'L', NULL, 'Which the country has as capital Copenhague?', 1, 1, NULL, 436, NULL, 1);
INSERT INTO question (id, code, created_date, language, last_modified_date, other_allowed, required, type, help, title, createdby_id, lastmodifiedby_id, parent_id, section_id, order_in_subquestions, order_in_section) VALUES (454, 'Q3', '2014-09-25 16:28:43.886', 'EN', '2014-09-25 16:28:43.886', false, true, 'N', NULL, 'How many European capitals were founded by Romans?', 1, 1, NULL, 436, NULL, 2);
INSERT INTO question (id, code, created_date, language, last_modified_date, other_allowed, required, type, help, title, createdby_id, lastmodifiedby_id, parent_id, section_id, order_in_subquestions, order_in_section) VALUES (456, 'Q4', '2014-09-25 16:28:43.902', 'EN', '2014-09-25 16:28:43.902', false, false, 'M', NULL, 'Which ones of these European capital are near by a river? Choose all that apply.', 1, 1, NULL, 436, NULL, 3);
INSERT INTO question (id, code, created_date, language, last_modified_date, other_allowed, required, type, help, title, createdby_id, lastmodifiedby_id, parent_id, section_id, order_in_subquestions, order_in_section) VALUES (466, 'Q5', '2014-09-25 16:28:43.933', 'EN', '2014-09-25 16:28:43.933', false, true, 'S', NULL, 'What does EU stand for??', 1, 1, NULL, 438, NULL, 0);
INSERT INTO question (id, code, created_date, language, last_modified_date, other_allowed, required, type, help, title, createdby_id, lastmodifiedby_id, parent_id, section_id, order_in_subquestions, order_in_section) VALUES (468, 'Q6', '2014-09-25 16:28:43.948', 'EN', '2014-09-25 16:28:43.948', false, true, 'L', NULL, 'Where was the treaty signed that created the European economic community - forerunner of the EU?', 1, 1, NULL, 438, NULL, 1);
INSERT INTO question (id, code, created_date, language, last_modified_date, other_allowed, required, type, help, title, createdby_id, lastmodifiedby_id, parent_id, section_id, order_in_subquestions, order_in_section) VALUES (510, 'Q11', '2014-09-25 16:28:44.106', 'EN', '2014-09-25 16:28:44.106', false, true, 'S', NULL, 'Which nationality has the first european that to get Congo?', 1, 1, NULL, 440, NULL, 2);
INSERT INTO question (id, code, created_date, language, last_modified_date, other_allowed, required, type, help, title, createdby_id, lastmodifiedby_id, parent_id, section_id, order_in_subquestions, order_in_section) VALUES (545, 'Q1', '2014-09-25 16:28:44.465', 'EN', '2014-09-25 16:28:44.465', false, true, 'F', NULL, '<b>Food Quality</b>', 1, 1, NULL, 544, NULL, 0);
INSERT INTO question (id, code, created_date, language, last_modified_date, other_allowed, required, type, help, title, createdby_id, lastmodifiedby_id, parent_id, section_id, order_in_subquestions, order_in_section) VALUES (552, 'Q1.1', '2014-09-25 16:28:44.481', 'EN', '2014-09-25 16:28:44.481', false, false, 'L', NULL, 'The food is served hot and fresh', 1, 1, 545, NULL, 0, NULL);
INSERT INTO question (id, code, created_date, language, last_modified_date, other_allowed, required, type, help, title, createdby_id, lastmodifiedby_id, parent_id, section_id, order_in_subquestions, order_in_section) VALUES (553, 'Q1.2', '2014-09-25 16:28:44.481', 'EN', '2014-09-25 16:28:44.481', false, false, 'L', NULL, 'The menu has a good variety of items', 1, 1, 545, NULL, 1, NULL);
INSERT INTO question (id, code, created_date, language, last_modified_date, other_allowed, required, type, help, title, createdby_id, lastmodifiedby_id, parent_id, section_id, order_in_subquestions, order_in_section) VALUES (554, 'Q1.3', '2014-09-25 16:28:44.481', 'EN', '2014-09-25 16:28:44.481', false, false, 'L', NULL, 'The quality of food is excellent', 1, 1, 545, NULL, 2, NULL);
INSERT INTO question (id, code, created_date, language, last_modified_date, other_allowed, required, type, help, title, createdby_id, lastmodifiedby_id, parent_id, section_id, order_in_subquestions, order_in_section) VALUES (555, 'Q1.4', '2014-09-25 16:28:44.481', 'EN', '2014-09-25 16:28:44.481', false, false, 'L', NULL, 'The food is tasty and flavorful', 1, 1, 545, NULL, 3, NULL);
INSERT INTO question (id, code, created_date, language, last_modified_date, other_allowed, required, type, help, title, createdby_id, lastmodifiedby_id, parent_id, section_id, order_in_subquestions, order_in_section) VALUES (478, 'Q7', '2014-09-25 16:28:43.981', 'EN', '2014-09-25 16:28:43.981', false, false, 'M', NULL, 'Which ones of these European countries belongs to Euro Zone? Choose all that apply.', 1, 1, NULL, 438, NULL, 2);
INSERT INTO question (id, code, created_date, language, last_modified_date, other_allowed, required, type, help, title, createdby_id, lastmodifiedby_id, parent_id, section_id, order_in_subquestions, order_in_section) VALUES (488, 'Q8', '2014-09-25 16:28:44.028', 'EN', '2014-09-25 16:28:44.028', false, true, 'N', NULL, 'How many finnish marc do you need to get an euro?', 1, 1, NULL, 438, NULL, 3);
INSERT INTO question (id, code, created_date, language, last_modified_date, other_allowed, required, type, help, title, createdby_id, lastmodifiedby_id, parent_id, section_id, order_in_subquestions, order_in_section) VALUES (490, 'Q9', '2014-09-25 16:28:44.043', 'EN', '2014-09-25 16:28:44.043', false, true, 'L', NULL, 'Where was Christopher columbus was born?', 1, 1, NULL, 440, NULL, 0);
INSERT INTO question (id, code, created_date, language, last_modified_date, other_allowed, required, type, help, title, createdby_id, lastmodifiedby_id, parent_id, section_id, order_in_subquestions, order_in_section) VALUES (512, 'Q12', '2014-09-25 16:28:44.137', 'EN', '2014-09-25 16:28:44.137', false, true, 'L', NULL, 'Which of the men caused more casualities in Europe?', 1, 1, NULL, 440, NULL, 3);
INSERT INTO question (id, code, created_date, language, last_modified_date, other_allowed, required, type, help, title, createdby_id, lastmodifiedby_id, parent_id, section_id, order_in_subquestions, order_in_section) VALUES (500, 'Q10', '2014-09-25 16:28:44.075', 'EN', '2014-09-25 16:28:44.075', false, true, 'L', NULL, 'What was the large Eurpean Empire in century 16th ?', 1, 1, NULL, 440, NULL, 1);
INSERT INTO question (id, code, created_date, language, last_modified_date, other_allowed, required, type, help, title, createdby_id, lastmodifiedby_id, parent_id, section_id, order_in_subquestions, order_in_section) VALUES (556, 'Q2', '2014-09-25 16:28:44.496', 'EN', '2014-09-25 16:28:44.496', false, true, 'F', NULL, '<b>Resturant</b>', 1, 1, NULL, 544, NULL, 1);
INSERT INTO question (id, code, created_date, language, last_modified_date, other_allowed, required, type, help, title, createdby_id, lastmodifiedby_id, parent_id, section_id, order_in_subquestions, order_in_section) VALUES (563, 'Q2.1', '2014-09-25 16:28:44.512', 'EN', '2014-09-25 16:28:44.512', false, false, 'L', NULL, 'My food order was correct and complete', 1, 1, 556, NULL, 0, NULL);
INSERT INTO question (id, code, created_date, language, last_modified_date, other_allowed, required, type, help, title, createdby_id, lastmodifiedby_id, parent_id, section_id, order_in_subquestions, order_in_section) VALUES (564, 'Q2.2', '2014-09-25 16:28:44.512', 'EN', '2014-09-25 16:28:44.512', false, false, 'L', NULL, 'Employees are patient when taking my order', 1, 1, 556, NULL, 1, NULL);
INSERT INTO question (id, code, created_date, language, last_modified_date, other_allowed, required, type, help, title, createdby_id, lastmodifiedby_id, parent_id, section_id, order_in_subquestions, order_in_section) VALUES (565, 'Q2.3', '2014-09-25 16:28:44.512', 'EN', '2014-09-25 16:28:44.512', false, false, 'L', NULL, 'I was served promptly', 1, 1, 556, NULL, 2, NULL);
INSERT INTO question (id, code, created_date, language, last_modified_date, other_allowed, required, type, help, title, createdby_id, lastmodifiedby_id, parent_id, section_id, order_in_subquestions, order_in_section) VALUES (566, 'Q2.4', '2014-09-25 16:28:44.512', 'EN', '2014-09-25 16:28:44.512', false, false, 'L', NULL, 'Availability of sauces, utensils, napkins, etc. was good', 1, 1, 556, NULL, 3, NULL);
INSERT INTO question (id, code, created_date, language, last_modified_date, other_allowed, required, type, help, title, createdby_id, lastmodifiedby_id, parent_id, section_id, order_in_subquestions, order_in_section) VALUES (567, 'Q2.5', '2014-09-25 16:28:44.512', 'EN', '2014-09-25 16:28:44.512', false, false, 'L', NULL, 'The menu board was easy to read', 1, 1, 556, NULL, 4, NULL);
INSERT INTO question (id, code, created_date, language, last_modified_date, other_allowed, required, type, help, title, createdby_id, lastmodifiedby_id, parent_id, section_id, order_in_subquestions, order_in_section) VALUES (568, 'Q2.6', '2014-09-25 16:28:44.512', 'EN', '2014-09-25 16:28:44.512', false, false, 'L', NULL, 'The drive-thru sound system was cleara', 1, 1, 556, NULL, 5, NULL);
INSERT INTO question (id, code, created_date, language, last_modified_date, other_allowed, required, type, help, title, createdby_id, lastmodifiedby_id, parent_id, section_id, order_in_subquestions, order_in_section) VALUES (569, 'Q3', '2014-09-25 16:28:44.543', 'EN', '2014-09-25 16:28:44.543', false, true, 'L', NULL, 'Indicate total household income', 1, 1, NULL, 544, NULL, 2);


--
-- TOC entry 2253 (class 0 OID 118227)
-- Dependencies: 182
-- Data for Name: research; Type: TABLE DATA; Schema: public; Owner: postgres
--

INSERT INTO research (id, created_date, expiration_date, last_modified_date, name, start_date, status, type, createdby_id, lastmodifiedby_id, questionnairedefinition_id) VALUES (103, '2014-09-25 16:28:40.596', '2014-09-25 16:28:40.58', '2014-09-25 16:28:40.596', 'New QuizEuropean general knowledge quiz started', '2014-09-25 16:28:40.58', 'C', 'P', 1, 1, 12);
INSERT INTO research (id, created_date, expiration_date, last_modified_date, name, start_date, status, type, createdby_id, lastmodifiedby_id, questionnairedefinition_id) VALUES (118, '2014-09-25 16:28:40.736', '2014-09-25 16:28:40.736', '2014-09-25 16:28:40.736', 'Anonymous New QuizEuropean general knowledge quiz started', '2014-09-25 16:28:40.721', 'D', 'O', 1, 1, 12);
INSERT INTO research (id, created_date, expiration_date, last_modified_date, name, start_date, status, type, createdby_id, lastmodifiedby_id, questionnairedefinition_id) VALUES (212, '2014-09-25 16:28:41.52', '2014-09-25 16:28:41.52', '2014-09-25 16:28:41.52', 'Anonymous New QuizEuropean general knowledge quiz started', '2014-09-25 16:28:41.52', 'D', 'O', 1, 1, 121);
INSERT INTO research (id, created_date, expiration_date, last_modified_date, name, start_date, status, type, createdby_id, lastmodifiedby_id, questionnairedefinition_id) VALUES (306, '2014-09-25 16:28:42.711', '2014-09-25 16:28:42.711', '2014-09-25 16:28:42.711', 'New QuizEuropean general knowledge quiz started', '2014-09-25 16:28:42.696', 'C', 'P', 1, 1, 215);
INSERT INTO research (id, created_date, expiration_date, last_modified_date, name, start_date, status, type, createdby_id, lastmodifiedby_id, questionnairedefinition_id) VALUES (321, '2014-09-25 16:28:42.836', '2014-09-25 16:28:42.836', '2014-09-25 16:28:42.836', 'Anonymous New QuizEuropean general knowledge quiz started', '2014-09-25 16:28:42.836', 'D', 'O', 1, 1, 215);
INSERT INTO research (id, created_date, expiration_date, last_modified_date, name, start_date, status, type, createdby_id, lastmodifiedby_id, questionnairedefinition_id) VALUES (415, '2014-09-25 16:28:43.495', '2014-09-25 16:28:43.48', '2014-09-25 16:28:43.495', 'New QuizEuropean general knowledge quiz started', '2014-09-25 16:28:43.48', 'C', 'P', 1, 1, 324);
INSERT INTO research (id, created_date, expiration_date, last_modified_date, name, start_date, status, type, createdby_id, lastmodifiedby_id, questionnairedefinition_id) VALUES (430, '2014-09-25 16:28:43.73', '2014-09-25 16:28:43.73', '2014-09-25 16:28:43.73', 'Anonymous New QuizEuropean general knowledge quiz started', '2014-09-25 16:28:43.73', 'D', 'O', 1, 1, 324);
INSERT INTO research (id, created_date, expiration_date, last_modified_date, name, start_date, status, type, createdby_id, lastmodifiedby_id, questionnairedefinition_id) VALUES (524, '2014-09-25 16:28:44.34', '2014-09-25 16:28:44.34', '2014-09-25 16:28:44.34', 'New QuizEuropean general knowledge quiz started', '2014-09-25 16:28:44.34', 'C', 'P', 1, 1, 433);
INSERT INTO research (id, created_date, expiration_date, last_modified_date, name, start_date, status, type, createdby_id, lastmodifiedby_id, questionnairedefinition_id) VALUES (539, '2014-09-25 16:28:44.434', '2014-09-25 16:28:44.434', '2014-09-25 16:28:44.434', 'Anonymous New QuizEuropean general knowledge quiz started', '2014-09-25 16:28:44.434', 'D', 'O', 1, 1, 433);
INSERT INTO research (id, created_date, expiration_date, last_modified_date, name, start_date, status, type, createdby_id, lastmodifiedby_id, questionnairedefinition_id) VALUES (577, '2014-09-25 16:28:44.746', '2014-09-25 16:28:44.746', '2014-09-25 16:28:44.746', 'New customer satisfation survey Food Quality QuestionnaireDefinition started', '2014-09-25 16:28:44.746', 'D', 'O', 1, 1, 542);


--
-- TOC entry 2250 (class 0 OID 118206)
-- Dependencies: 179
-- Data for Name: questionnaire; Type: TABLE DATA; Schema: public; Owner: postgres
--

INSERT INTO questionnaire (id, answers_id, created_date, last_modified_date, status, submit_date, createdby_id, lastmodifiedby_id, questionnairedefinition_id, research_id, respondent_id) VALUES (106, 1, '2014-09-25 16:28:40.611', '2014-09-25 16:28:40.611', 'C', NULL, 1, 1, 12, 103, 6);
INSERT INTO questionnaire (id, answers_id, created_date, last_modified_date, status, submit_date, createdby_id, lastmodifiedby_id, questionnairedefinition_id, research_id, respondent_id) VALUES (109, 2, '2014-09-25 16:28:40.642', '2014-09-25 16:28:40.642', 'C', NULL, 1, 1, 12, 103, 4);
INSERT INTO questionnaire (id, answers_id, created_date, last_modified_date, status, submit_date, createdby_id, lastmodifiedby_id, questionnairedefinition_id, research_id, respondent_id) VALUES (112, 3, '2014-09-25 16:28:40.674', '2014-09-25 16:28:40.674', 'C', NULL, 1, 1, 12, 103, 10);
INSERT INTO questionnaire (id, answers_id, created_date, last_modified_date, status, submit_date, createdby_id, lastmodifiedby_id, questionnairedefinition_id, research_id, respondent_id) VALUES (115, 4, '2014-09-25 16:28:40.689', '2014-09-25 16:28:40.689', 'C', NULL, 1, 1, 12, 103, 8);
INSERT INTO questionnaire (id, answers_id, created_date, last_modified_date, status, submit_date, createdby_id, lastmodifiedby_id, questionnairedefinition_id, research_id, respondent_id) VALUES (309, 1, '2014-09-25 16:28:42.727', '2014-09-25 16:28:42.727', 'C', NULL, 1, 1, 215, 306, 6);
INSERT INTO questionnaire (id, answers_id, created_date, last_modified_date, status, submit_date, createdby_id, lastmodifiedby_id, questionnairedefinition_id, research_id, respondent_id) VALUES (312, 2, '2014-09-25 16:28:42.758', '2014-09-25 16:28:42.758', 'C', NULL, 1, 1, 215, 306, 4);
INSERT INTO questionnaire (id, answers_id, created_date, last_modified_date, status, submit_date, createdby_id, lastmodifiedby_id, questionnairedefinition_id, research_id, respondent_id) VALUES (315, 3, '2014-09-25 16:28:42.774', '2014-09-25 16:28:42.774', 'C', NULL, 1, 1, 215, 306, 10);
INSERT INTO questionnaire (id, answers_id, created_date, last_modified_date, status, submit_date, createdby_id, lastmodifiedby_id, questionnairedefinition_id, research_id, respondent_id) VALUES (318, 4, '2014-09-25 16:28:42.805', '2014-09-25 16:28:42.805', 'C', NULL, 1, 1, 215, 306, 8);
INSERT INTO questionnaire (id, answers_id, created_date, last_modified_date, status, submit_date, createdby_id, lastmodifiedby_id, questionnairedefinition_id, research_id, respondent_id) VALUES (418, 1, '2014-09-25 16:28:43.495', '2014-09-25 16:28:43.495', 'C', NULL, 1, 1, 324, 415, 6);
INSERT INTO questionnaire (id, answers_id, created_date, last_modified_date, status, submit_date, createdby_id, lastmodifiedby_id, questionnairedefinition_id, research_id, respondent_id) VALUES (421, 2, '2014-09-25 16:28:43.526', '2014-09-25 16:28:43.526', 'C', NULL, 1, 1, 324, 415, 4);
INSERT INTO questionnaire (id, answers_id, created_date, last_modified_date, status, submit_date, createdby_id, lastmodifiedby_id, questionnairedefinition_id, research_id, respondent_id) VALUES (424, 3, '2014-09-25 16:28:43.542', '2014-09-25 16:28:43.542', 'C', NULL, 1, 1, 324, 415, 10);
INSERT INTO questionnaire (id, answers_id, created_date, last_modified_date, status, submit_date, createdby_id, lastmodifiedby_id, questionnairedefinition_id, research_id, respondent_id) VALUES (427, 4, '2014-09-25 16:28:43.558', '2014-09-25 16:28:43.558', 'C', NULL, 1, 1, 324, 415, 8);
INSERT INTO questionnaire (id, answers_id, created_date, last_modified_date, status, submit_date, createdby_id, lastmodifiedby_id, questionnairedefinition_id, research_id, respondent_id) VALUES (527, 1, '2014-09-25 16:28:44.356', '2014-09-25 16:28:44.356', 'C', NULL, 1, 1, 433, 524, 6);
INSERT INTO questionnaire (id, answers_id, created_date, last_modified_date, status, submit_date, createdby_id, lastmodifiedby_id, questionnairedefinition_id, research_id, respondent_id) VALUES (530, 2, '2014-09-25 16:28:44.371', '2014-09-25 16:28:44.371', 'C', NULL, 1, 1, 433, 524, 4);
INSERT INTO questionnaire (id, answers_id, created_date, last_modified_date, status, submit_date, createdby_id, lastmodifiedby_id, questionnairedefinition_id, research_id, respondent_id) VALUES (533, 3, '2014-09-25 16:28:44.387', '2014-09-25 16:28:44.387', 'C', NULL, 1, 1, 433, 524, 10);
INSERT INTO questionnaire (id, answers_id, created_date, last_modified_date, status, submit_date, createdby_id, lastmodifiedby_id, questionnairedefinition_id, research_id, respondent_id) VALUES (536, 4, '2014-09-25 16:28:44.403', '2014-09-25 16:28:44.403', 'C', NULL, 1, 1, 433, 524, 8);


--
-- TOC entry 2244 (class 0 OID 118161)
-- Dependencies: 173
-- Data for Name: breadcrumb; Type: TABLE DATA; Schema: public; Owner: postgres
--



--
-- TOC entry 2268 (class 0 OID 118332)
-- Dependencies: 197
-- Data for Name: role; Type: TABLE DATA; Schema: public; Owner: postgres
--



--
-- TOC entry 2261 (class 0 OID 118291)
-- Dependencies: 190
-- Data for Name: directory_permission; Type: TABLE DATA; Schema: public; Owner: postgres
--



--
-- TOC entry 2267 (class 0 OID 118324)
-- Dependencies: 196
-- Data for Name: groups; Type: TABLE DATA; Schema: public; Owner: postgres
--

INSERT INTO groups (id, created_date, description, last_modified_date, name, createdby_id, lastmodifiedby_id) VALUES (3, '2014-09-25 16:28:39.623', 'Respondent group', '2014-09-25 16:28:39.623', 'Respondents', 1, 1);


--
-- TOC entry 2243 (class 0 OID 118153)
-- Dependencies: 172
-- Data for Name: invitation; Type: TABLE DATA; Schema: public; Owner: postgres
--

INSERT INTO invitation (id, type, status, token, research_id, respondent_id) VALUES (104, 'A', 'A', 'ZC858PR5LK', 103, NULL);
INSERT INTO invitation (id, type, status, token, research_id, respondent_id) VALUES (108, 'P', 'A', '5NZCKT232M', 103, 6);
INSERT INTO invitation (id, type, status, token, research_id, respondent_id) VALUES (111, 'P', 'A', '29JUYLVTNN', 103, 4);
INSERT INTO invitation (id, type, status, token, research_id, respondent_id) VALUES (114, 'P', 'A', 'M4ATSBAZ8M', 103, 10);
INSERT INTO invitation (id, type, status, token, research_id, respondent_id) VALUES (117, 'P', 'A', '32KEDRSKZ7', 103, 8);
INSERT INTO invitation (id, type, status, token, research_id, respondent_id) VALUES (119, 'A', 'A', '3JZ5QBB29W', 118, NULL);
INSERT INTO invitation (id, type, status, token, research_id, respondent_id) VALUES (213, 'A', 'A', '5MK3XK4GT5', 212, NULL);
INSERT INTO invitation (id, type, status, token, research_id, respondent_id) VALUES (307, 'A', 'A', 'EH8BQBA5TP', 306, NULL);
INSERT INTO invitation (id, type, status, token, research_id, respondent_id) VALUES (311, 'P', 'A', 'SYSVDHBNYC', 306, 6);
INSERT INTO invitation (id, type, status, token, research_id, respondent_id) VALUES (314, 'P', 'A', '6JNQBCSDNY', 306, 4);
INSERT INTO invitation (id, type, status, token, research_id, respondent_id) VALUES (317, 'P', 'A', 'L2WJ7EMZ5L', 306, 10);
INSERT INTO invitation (id, type, status, token, research_id, respondent_id) VALUES (320, 'P', 'A', 'CY83MYU9PM', 306, 8);
INSERT INTO invitation (id, type, status, token, research_id, respondent_id) VALUES (322, 'A', 'A', 'WUXZ2ZBWVM', 321, NULL);
INSERT INTO invitation (id, type, status, token, research_id, respondent_id) VALUES (416, 'A', 'A', 'JWZHAMCBNP', 415, NULL);
INSERT INTO invitation (id, type, status, token, research_id, respondent_id) VALUES (420, 'P', 'A', 'X4Y3CS5LAN', 415, 6);
INSERT INTO invitation (id, type, status, token, research_id, respondent_id) VALUES (423, 'P', 'A', 'VSAPX2S34L', 415, 4);
INSERT INTO invitation (id, type, status, token, research_id, respondent_id) VALUES (426, 'P', 'A', 'XFW74MNF8K', 415, 10);
INSERT INTO invitation (id, type, status, token, research_id, respondent_id) VALUES (429, 'P', 'A', 'UNKLFUBAFJ', 415, 8);
INSERT INTO invitation (id, type, status, token, research_id, respondent_id) VALUES (431, 'A', 'A', 'SR73CPDQN9', 430, NULL);
INSERT INTO invitation (id, type, status, token, research_id, respondent_id) VALUES (525, 'A', 'A', 'ZGEB9SGBSC', 524, NULL);
INSERT INTO invitation (id, type, status, token, research_id, respondent_id) VALUES (529, 'P', 'A', 'W9RQX7UUUL', 524, 6);
INSERT INTO invitation (id, type, status, token, research_id, respondent_id) VALUES (532, 'P', 'A', 'TEV32RPY78', 524, 4);
INSERT INTO invitation (id, type, status, token, research_id, respondent_id) VALUES (535, 'P', 'A', 'THJBNAXBVH', 524, 10);
INSERT INTO invitation (id, type, status, token, research_id, respondent_id) VALUES (538, 'P', 'A', 'AJPK9R58LU', 524, 8);
INSERT INTO invitation (id, type, status, token, research_id, respondent_id) VALUES (540, 'A', 'A', 'XBR6W7V3G3', 539, NULL);
INSERT INTO invitation (id, type, status, token, research_id, respondent_id) VALUES (578, 'A', 'A', 'QFV5HNR69Q', 577, NULL);


--
-- TOC entry 2246 (class 0 OID 118174)
-- Dependencies: 175
-- Data for Name: label_set; Type: TABLE DATA; Schema: public; Owner: postgres
--



--
-- TOC entry 2245 (class 0 OID 118166)
-- Dependencies: 174
-- Data for Name: label; Type: TABLE DATA; Schema: public; Owner: postgres
--



--
-- TOC entry 2255 (class 0 OID 118243)
-- Dependencies: 184
-- Data for Name: label_translation; Type: TABLE DATA; Schema: public; Owner: postgres
--



--
-- TOC entry 2247 (class 0 OID 118182)
-- Dependencies: 176
-- Data for Name: mail_message; Type: TABLE DATA; Schema: public; Owner: postgres
--



--
-- TOC entry 2248 (class 0 OID 118190)
-- Dependencies: 177
-- Data for Name: mail_message_template; Type: TABLE DATA; Schema: public; Owner: postgres
--

INSERT INTO mail_message_template (id, created_date, from_address, language, last_modified_date, reply_to, type, body, subject, createdby_id, lastmodifiedby_id, questionnairedefinition_id) VALUES (101, '2014-09-25 16:28:40.439', 'support@gazpacho.net', 'EN', '2014-09-25 16:28:40.439', 'support@gazpacho.net', 'INVITATION', 'Dear Mr. $lastname, <br> You have been invited to take this questionnaire. <br>The questionnaire will take about 15 minutes to complete and if you get interrupted, you can return later and continue where you left off.<a href="$link">Click here</a> to take the questionnaireDefinition', 'Invitation to participate in a questionnaire', 1, 1, 12);
INSERT INTO mail_message_template (id, created_date, from_address, language, last_modified_date, reply_to, type, body, subject, createdby_id, lastmodifiedby_id, questionnairedefinition_id) VALUES (210, '2014-09-25 16:28:41.316', 'support@gazpacho.net', 'EN', '2014-09-25 16:28:41.316', 'support@gazpacho.net', 'INVITATION', 'Dear Mr. $lastname, <br> You have been invited to take this questionnaire. <br>The questionnaire will take about 15 minutes to complete and if you get interrupted, you can return later and continue where you left off.<a href="$link">Click here</a> to take the questionnaireDefinition', 'Invitation to participate in a questionnaire', 1, 1, 121);
INSERT INTO mail_message_template (id, created_date, from_address, language, last_modified_date, reply_to, type, body, subject, createdby_id, lastmodifiedby_id, questionnairedefinition_id) VALUES (304, '2014-09-25 16:28:42.334', 'support@gazpacho.net', 'EN', '2014-09-25 16:28:42.334', 'support@gazpacho.net', 'INVITATION', 'Dear Mr. $lastname, <br> You have been invited to take this questionnaire. <br>The questionnaire will take about 15 minutes to complete and if you get interrupted, you can return later and continue where you left off.<a href="$link">Click here</a> to take the questionnaireDefinition', 'Invitation to participate in a questionnaire', 1, 1, 215);
INSERT INTO mail_message_template (id, created_date, from_address, language, last_modified_date, reply_to, type, body, subject, createdby_id, lastmodifiedby_id, questionnairedefinition_id) VALUES (413, '2014-09-25 16:28:43.308', 'support@gazpacho.net', 'EN', '2014-09-25 16:28:43.308', 'support@gazpacho.net', 'INVITATION', 'Dear Mr. $lastname, <br> You have been invited to take this questionnaire. <br>The questionnaire will take about 15 minutes to complete and if you get interrupted, you can return later and continue where you left off.<a href="$link">Click here</a> to take the questionnaireDefinition', 'Invitation to participate in a questionnaire', 1, 1, 324);
INSERT INTO mail_message_template (id, created_date, from_address, language, last_modified_date, reply_to, type, body, subject, createdby_id, lastmodifiedby_id, questionnairedefinition_id) VALUES (522, '2014-09-25 16:28:44.184', 'support@gazpacho.net', 'EN', '2014-09-25 16:28:44.184', 'support@gazpacho.net', 'INVITATION', 'Dear Mr. $lastname, <br> You have been invited to take this questionnaire. <br>The questionnaire will take about 15 minutes to complete and if you get interrupted, you can return later and continue where you left off.<a href="$link">Click here</a> to take the questionnaireDefinition', 'Invitation to participate in a questionnaire', 1, 1, 433);
INSERT INTO mail_message_template (id, created_date, from_address, language, last_modified_date, reply_to, type, body, subject, createdby_id, lastmodifiedby_id, questionnairedefinition_id) VALUES (575, '2014-09-25 16:28:44.575', 'support@gazpacho.net', 'EN', '2014-09-25 16:28:44.575', 'support@gazpacho.net', 'INVITATION', 'Dear Mr. $lastname, <br> You have been invited to take this questionnaire. <br>The questionnaire will take about 15 minutes to complete and if you get interrupted, you can return later and continue where you left off.<a href="$link">Click here</a> to take the questionnaireDefinition', 'Invitation to participate in a questionnaire', 1, 1, 542);


--
-- TOC entry 2256 (class 0 OID 118251)
-- Dependencies: 185
-- Data for Name: mail_message_template_translation; Type: TABLE DATA; Schema: public; Owner: postgres
--

INSERT INTO mail_message_template_translation (id, created_date, language, last_modified_date, body, subject, createdby_id, lastmodifiedby_id, mailmessagetemplate_id) VALUES (102, '2014-09-25 16:28:40.471', 'ES', '2014-09-25 16:28:40.471', 'Estimado Sr. $lastname, <br> Has sido invitado para participar en esta cuestionario <br>Nos dedicas 15 minutos para completarlo?, puedes interrumpirlo y completarlo ms tarde si es necesario<a href="$link">Click aqui</a> para empezar', 'Invitacin para participar en un cuestionario', 1, 1, 101);
INSERT INTO mail_message_template_translation (id, created_date, language, last_modified_date, body, subject, createdby_id, lastmodifiedby_id, mailmessagetemplate_id) VALUES (211, '2014-09-25 16:28:41.332', 'ES', '2014-09-25 16:28:41.332', 'Estimado Sr. $lastname, <br> Has sido invitado para participar en esta cuestionario <br>Nos dedicas 15 minutos para completarlo?, puedes interrumpirlo y completarlo ms tarde si es necesario<a href="$link">Click aqui</a> para empezar', 'Invitacin para participar en un cuestionario', 1, 1, 210);
INSERT INTO mail_message_template_translation (id, created_date, language, last_modified_date, body, subject, createdby_id, lastmodifiedby_id, mailmessagetemplate_id) VALUES (305, '2014-09-25 16:28:42.343', 'ES', '2014-09-25 16:28:42.343', 'Estimado Sr. $lastname, <br> Has sido invitado para participar en esta cuestionario <br>Nos dedicas 15 minutos para completarlo?, puedes interrumpirlo y completarlo ms tarde si es necesario<a href="$link">Click aqui</a> para empezar', 'Invitacin para participar en un cuestionario', 1, 1, 304);
INSERT INTO mail_message_template_translation (id, created_date, language, last_modified_date, body, subject, createdby_id, lastmodifiedby_id, mailmessagetemplate_id) VALUES (414, '2014-09-25 16:28:43.308', 'ES', '2014-09-25 16:28:43.308', 'Estimado Sr. $lastname, <br> Has sido invitado para participar en esta cuestionario <br>Nos dedicas 15 minutos para completarlo?, puedes interrumpirlo y completarlo ms tarde si es necesario<a href="$link">Click aqui</a> para empezar', 'Invitacin para participar en un cuestionario', 1, 1, 413);
INSERT INTO mail_message_template_translation (id, created_date, language, last_modified_date, body, subject, createdby_id, lastmodifiedby_id, mailmessagetemplate_id) VALUES (523, '2014-09-25 16:28:44.184', 'ES', '2014-09-25 16:28:44.184', 'Estimado Sr. $lastname, <br> Has sido invitado para participar en esta cuestionario <br>Nos dedicas 15 minutos para completarlo?, puedes interrumpirlo y completarlo ms tarde si es necesario<a href="$link">Click aqui</a> para empezar', 'Invitacin para participar en un cuestionario', 1, 1, 522);
INSERT INTO mail_message_template_translation (id, created_date, language, last_modified_date, body, subject, createdby_id, lastmodifiedby_id, mailmessagetemplate_id) VALUES (576, '2014-09-25 16:28:44.575', 'ES', '2014-09-25 16:28:44.575', 'Estimado Sr. $lastname, <br> Has sido invitado para participar en esta cuestionario <br>Nos dedicas 15 minutos para completarlo?, puedes interrumpirlo y completarlo ms tarde si es necesario<a href="$link">Click aqui</a> para empezar', 'Invitacin para participar en un cuestionario', 1, 1, 575);


--
-- TOC entry 2252 (class 0 OID 118219)
-- Dependencies: 181
-- Data for Name: question_option; Type: TABLE DATA; Schema: public; Owner: postgres
--

INSERT INTO question_option (id, code, created_date, language, last_modified_date, title, createdby_id, lastmodifiedby_id, question_id, order_in_question) VALUES (24, 'O1', '2014-09-25 16:28:39.905', 'EN', '2014-09-25 16:28:39.905', 'Norway', 1, 1, 23, 0);
INSERT INTO question_option (id, code, created_date, language, last_modified_date, title, createdby_id, lastmodifiedby_id, question_id, order_in_question) VALUES (25, 'O2', '2014-09-25 16:28:39.905', 'EN', '2014-09-25 16:28:39.905', 'Sweden', 1, 1, 23, 1);
INSERT INTO question_option (id, code, created_date, language, last_modified_date, title, createdby_id, lastmodifiedby_id, question_id, order_in_question) VALUES (26, 'O3', '2014-09-25 16:28:39.905', 'EN', '2014-09-25 16:28:39.905', 'Denmark', 1, 1, 23, 2);
INSERT INTO question_option (id, code, created_date, language, last_modified_date, title, createdby_id, lastmodifiedby_id, question_id, order_in_question) VALUES (27, 'O4', '2014-09-25 16:28:39.92', 'EN', '2014-09-25 16:28:39.92', 'Iceland', 1, 1, 23, 3);
INSERT INTO question_option (id, code, created_date, language, last_modified_date, title, createdby_id, lastmodifiedby_id, question_id, order_in_question) VALUES (36, 'O1', '2014-09-25 16:28:40.017', 'EN', '2014-09-25 16:28:40.017', 'Vatican City', 1, 1, 35, 0);
INSERT INTO question_option (id, code, created_date, language, last_modified_date, title, createdby_id, lastmodifiedby_id, question_id, order_in_question) VALUES (37, 'O2', '2014-09-25 16:28:40.017', 'EN', '2014-09-25 16:28:40.017', 'Roma', 1, 1, 35, 1);
INSERT INTO question_option (id, code, created_date, language, last_modified_date, title, createdby_id, lastmodifiedby_id, question_id, order_in_question) VALUES (38, 'O3', '2014-09-25 16:28:40.017', 'EN', '2014-09-25 16:28:40.017', 'Helsinki', 1, 1, 35, 2);
INSERT INTO question_option (id, code, created_date, language, last_modified_date, title, createdby_id, lastmodifiedby_id, question_id, order_in_question) VALUES (39, 'O4', '2014-09-25 16:28:40.017', 'EN', '2014-09-25 16:28:40.017', 'Viena', 1, 1, 35, 3);
INSERT INTO question_option (id, code, created_date, language, last_modified_date, title, createdby_id, lastmodifiedby_id, question_id, order_in_question) VALUES (48, 'O1', '2014-09-25 16:28:40.096', 'EN', '2014-09-25 16:28:40.096', 'Westphalia', 1, 1, 47, 0);
INSERT INTO question_option (id, code, created_date, language, last_modified_date, title, createdby_id, lastmodifiedby_id, question_id, order_in_question) VALUES (49, 'O2', '2014-09-25 16:28:40.096', 'EN', '2014-09-25 16:28:40.096', 'Rome', 1, 1, 47, 1);
INSERT INTO question_option (id, code, created_date, language, last_modified_date, title, createdby_id, lastmodifiedby_id, question_id, order_in_question) VALUES (50, 'O3', '2014-09-25 16:28:40.096', 'EN', '2014-09-25 16:28:40.096', 'Brussels', 1, 1, 47, 2);
INSERT INTO question_option (id, code, created_date, language, last_modified_date, title, createdby_id, lastmodifiedby_id, question_id, order_in_question) VALUES (51, 'O4', '2014-09-25 16:28:40.096', 'EN', '2014-09-25 16:28:40.096', 'Versailles', 1, 1, 47, 3);
INSERT INTO question_option (id, code, created_date, language, last_modified_date, title, createdby_id, lastmodifiedby_id, question_id, order_in_question) VALUES (58, 'O1', '2014-09-25 16:28:40.142', 'EN', '2014-09-25 16:28:40.142', 'Norway', 1, 1, 57, 0);
INSERT INTO question_option (id, code, created_date, language, last_modified_date, title, createdby_id, lastmodifiedby_id, question_id, order_in_question) VALUES (59, 'O2', '2014-09-25 16:28:40.142', 'EN', '2014-09-25 16:28:40.142', 'Poland', 1, 1, 57, 1);
INSERT INTO question_option (id, code, created_date, language, last_modified_date, title, createdby_id, lastmodifiedby_id, question_id, order_in_question) VALUES (60, 'O3', '2014-09-25 16:28:40.142', 'EN', '2014-09-25 16:28:40.142', 'Macedonia', 1, 1, 57, 2);
INSERT INTO question_option (id, code, created_date, language, last_modified_date, title, createdby_id, lastmodifiedby_id, question_id, order_in_question) VALUES (61, 'O4', '2014-09-25 16:28:40.142', 'EN', '2014-09-25 16:28:40.142', 'Chipre', 1, 1, 57, 3);
INSERT INTO question_option (id, code, created_date, language, last_modified_date, title, createdby_id, lastmodifiedby_id, question_id, order_in_question) VALUES (70, 'O1', '2014-09-25 16:28:40.252', 'EN', '2014-09-25 16:28:40.252', 'Barcelona', 1, 1, 69, 0);
INSERT INTO question_option (id, code, created_date, language, last_modified_date, title, createdby_id, lastmodifiedby_id, question_id, order_in_question) VALUES (71, 'O2', '2014-09-25 16:28:40.252', 'EN', '2014-09-25 16:28:40.252', 'Lisboa', 1, 1, 69, 1);
INSERT INTO question_option (id, code, created_date, language, last_modified_date, title, createdby_id, lastmodifiedby_id, question_id, order_in_question) VALUES (72, 'O3', '2014-09-25 16:28:40.252', 'EN', '2014-09-25 16:28:40.252', 'Genoa', 1, 1, 69, 2);
INSERT INTO question_option (id, code, created_date, language, last_modified_date, title, createdby_id, lastmodifiedby_id, question_id, order_in_question) VALUES (73, 'O4', '2014-09-25 16:28:40.252', 'EN', '2014-09-25 16:28:40.252', 'Roma', 1, 1, 69, 3);
INSERT INTO question_option (id, code, created_date, language, last_modified_date, title, createdby_id, lastmodifiedby_id, question_id, order_in_question) VALUES (80, 'O1', '2014-09-25 16:28:40.299', 'EN', '2014-09-25 16:28:40.299', 'Portuguese Empire', 1, 1, 79, 0);
INSERT INTO question_option (id, code, created_date, language, last_modified_date, title, createdby_id, lastmodifiedby_id, question_id, order_in_question) VALUES (81, 'O2', '2014-09-25 16:28:40.299', 'EN', '2014-09-25 16:28:40.299', 'British Empire', 1, 1, 79, 1);
INSERT INTO question_option (id, code, created_date, language, last_modified_date, title, createdby_id, lastmodifiedby_id, question_id, order_in_question) VALUES (82, 'O3', '2014-09-25 16:28:40.299', 'EN', '2014-09-25 16:28:40.299', 'Spanish Empire', 1, 1, 79, 2);
INSERT INTO question_option (id, code, created_date, language, last_modified_date, title, createdby_id, lastmodifiedby_id, question_id, order_in_question) VALUES (83, 'O4', '2014-09-25 16:28:40.299', 'EN', '2014-09-25 16:28:40.299', 'Dutch Empire', 1, 1, 79, 3);
INSERT INTO question_option (id, code, created_date, language, last_modified_date, title, createdby_id, lastmodifiedby_id, question_id, order_in_question) VALUES (92, 'O1', '2014-09-25 16:28:40.377', 'EN', '2014-09-25 16:28:40.377', 'Adolph Hitler', 1, 1, 91, 0);
INSERT INTO question_option (id, code, created_date, language, last_modified_date, title, createdby_id, lastmodifiedby_id, question_id, order_in_question) VALUES (93, 'O2', '2014-09-25 16:28:40.377', 'EN', '2014-09-25 16:28:40.377', 'Napoleon', 1, 1, 91, 1);
INSERT INTO question_option (id, code, created_date, language, last_modified_date, title, createdby_id, lastmodifiedby_id, question_id, order_in_question) VALUES (94, 'O3', '2014-09-25 16:28:40.377', 'EN', '2014-09-25 16:28:40.377', 'Philip 2th King of Spain', 1, 1, 91, 2);
INSERT INTO question_option (id, code, created_date, language, last_modified_date, title, createdby_id, lastmodifiedby_id, question_id, order_in_question) VALUES (95, 'O4', '2014-09-25 16:28:40.377', 'EN', '2014-09-25 16:28:40.377', 'Julius Caesar', 1, 1, 91, 3);
INSERT INTO question_option (id, code, created_date, language, last_modified_date, title, createdby_id, lastmodifiedby_id, question_id, order_in_question) VALUES (133, 'O1', '2014-09-25 16:28:40.846', 'EN', '2014-09-25 16:28:40.846', 'Norway', 1, 1, 132, 0);
INSERT INTO question_option (id, code, created_date, language, last_modified_date, title, createdby_id, lastmodifiedby_id, question_id, order_in_question) VALUES (134, 'O2', '2014-09-25 16:28:40.846', 'EN', '2014-09-25 16:28:40.846', 'Sweden', 1, 1, 132, 1);
INSERT INTO question_option (id, code, created_date, language, last_modified_date, title, createdby_id, lastmodifiedby_id, question_id, order_in_question) VALUES (135, 'O3', '2014-09-25 16:28:40.846', 'EN', '2014-09-25 16:28:40.846', 'Denmark', 1, 1, 132, 2);
INSERT INTO question_option (id, code, created_date, language, last_modified_date, title, createdby_id, lastmodifiedby_id, question_id, order_in_question) VALUES (136, 'O4', '2014-09-25 16:28:40.846', 'EN', '2014-09-25 16:28:40.846', 'Iceland', 1, 1, 132, 3);
INSERT INTO question_option (id, code, created_date, language, last_modified_date, title, createdby_id, lastmodifiedby_id, question_id, order_in_question) VALUES (145, 'O1', '2014-09-25 16:28:40.908', 'EN', '2014-09-25 16:28:40.908', 'Vatican City', 1, 1, 144, 0);
INSERT INTO question_option (id, code, created_date, language, last_modified_date, title, createdby_id, lastmodifiedby_id, question_id, order_in_question) VALUES (146, 'O2', '2014-09-25 16:28:40.908', 'EN', '2014-09-25 16:28:40.908', 'Roma', 1, 1, 144, 1);
INSERT INTO question_option (id, code, created_date, language, last_modified_date, title, createdby_id, lastmodifiedby_id, question_id, order_in_question) VALUES (147, 'O3', '2014-09-25 16:28:40.908', 'EN', '2014-09-25 16:28:40.908', 'Helsinki', 1, 1, 144, 2);
INSERT INTO question_option (id, code, created_date, language, last_modified_date, title, createdby_id, lastmodifiedby_id, question_id, order_in_question) VALUES (148, 'O4', '2014-09-25 16:28:40.908', 'EN', '2014-09-25 16:28:40.908', 'Viena', 1, 1, 144, 3);
INSERT INTO question_option (id, code, created_date, language, last_modified_date, title, createdby_id, lastmodifiedby_id, question_id, order_in_question) VALUES (157, 'O1', '2014-09-25 16:28:40.973', 'EN', '2014-09-25 16:28:40.973', 'Westphalia', 1, 1, 156, 0);
INSERT INTO question_option (id, code, created_date, language, last_modified_date, title, createdby_id, lastmodifiedby_id, question_id, order_in_question) VALUES (158, 'O2', '2014-09-25 16:28:40.973', 'EN', '2014-09-25 16:28:40.973', 'Rome', 1, 1, 156, 1);
INSERT INTO question_option (id, code, created_date, language, last_modified_date, title, createdby_id, lastmodifiedby_id, question_id, order_in_question) VALUES (159, 'O3', '2014-09-25 16:28:40.973', 'EN', '2014-09-25 16:28:40.973', 'Brussels', 1, 1, 156, 2);
INSERT INTO question_option (id, code, created_date, language, last_modified_date, title, createdby_id, lastmodifiedby_id, question_id, order_in_question) VALUES (160, 'O4', '2014-09-25 16:28:40.973', 'EN', '2014-09-25 16:28:40.973', 'Versailles', 1, 1, 156, 3);
INSERT INTO question_option (id, code, created_date, language, last_modified_date, title, createdby_id, lastmodifiedby_id, question_id, order_in_question) VALUES (167, 'O1', '2014-09-25 16:28:41.02', 'EN', '2014-09-25 16:28:41.02', 'Norway', 1, 1, 166, 0);
INSERT INTO question_option (id, code, created_date, language, last_modified_date, title, createdby_id, lastmodifiedby_id, question_id, order_in_question) VALUES (168, 'O2', '2014-09-25 16:28:41.02', 'EN', '2014-09-25 16:28:41.02', 'Poland', 1, 1, 166, 1);
INSERT INTO question_option (id, code, created_date, language, last_modified_date, title, createdby_id, lastmodifiedby_id, question_id, order_in_question) VALUES (169, 'O3', '2014-09-25 16:28:41.02', 'EN', '2014-09-25 16:28:41.02', 'Macedonia', 1, 1, 166, 2);
INSERT INTO question_option (id, code, created_date, language, last_modified_date, title, createdby_id, lastmodifiedby_id, question_id, order_in_question) VALUES (170, 'O4', '2014-09-25 16:28:41.02', 'EN', '2014-09-25 16:28:41.02', 'Chipre', 1, 1, 166, 3);
INSERT INTO question_option (id, code, created_date, language, last_modified_date, title, createdby_id, lastmodifiedby_id, question_id, order_in_question) VALUES (179, 'O1', '2014-09-25 16:28:41.098', 'EN', '2014-09-25 16:28:41.098', 'Barcelona', 1, 1, 178, 0);
INSERT INTO question_option (id, code, created_date, language, last_modified_date, title, createdby_id, lastmodifiedby_id, question_id, order_in_question) VALUES (180, 'O2', '2014-09-25 16:28:41.098', 'EN', '2014-09-25 16:28:41.098', 'Lisboa', 1, 1, 178, 1);
INSERT INTO question_option (id, code, created_date, language, last_modified_date, title, createdby_id, lastmodifiedby_id, question_id, order_in_question) VALUES (181, 'O3', '2014-09-25 16:28:41.098', 'EN', '2014-09-25 16:28:41.098', 'Genoa', 1, 1, 178, 2);
INSERT INTO question_option (id, code, created_date, language, last_modified_date, title, createdby_id, lastmodifiedby_id, question_id, order_in_question) VALUES (182, 'O4', '2014-09-25 16:28:41.098', 'EN', '2014-09-25 16:28:41.098', 'Roma', 1, 1, 178, 3);
INSERT INTO question_option (id, code, created_date, language, last_modified_date, title, createdby_id, lastmodifiedby_id, question_id, order_in_question) VALUES (189, 'O1', '2014-09-25 16:28:41.145', 'EN', '2014-09-25 16:28:41.145', 'Portuguese Empire', 1, 1, 188, 0);
INSERT INTO question_option (id, code, created_date, language, last_modified_date, title, createdby_id, lastmodifiedby_id, question_id, order_in_question) VALUES (190, 'O2', '2014-09-25 16:28:41.145', 'EN', '2014-09-25 16:28:41.145', 'British Empire', 1, 1, 188, 1);
INSERT INTO question_option (id, code, created_date, language, last_modified_date, title, createdby_id, lastmodifiedby_id, question_id, order_in_question) VALUES (191, 'O3', '2014-09-25 16:28:41.145', 'EN', '2014-09-25 16:28:41.145', 'Spanish Empire', 1, 1, 188, 2);
INSERT INTO question_option (id, code, created_date, language, last_modified_date, title, createdby_id, lastmodifiedby_id, question_id, order_in_question) VALUES (192, 'O4', '2014-09-25 16:28:41.145', 'EN', '2014-09-25 16:28:41.145', 'Dutch Empire', 1, 1, 188, 3);
INSERT INTO question_option (id, code, created_date, language, last_modified_date, title, createdby_id, lastmodifiedby_id, question_id, order_in_question) VALUES (201, 'O1', '2014-09-25 16:28:41.207', 'EN', '2014-09-25 16:28:41.207', 'Adolph Hitler', 1, 1, 200, 0);
INSERT INTO question_option (id, code, created_date, language, last_modified_date, title, createdby_id, lastmodifiedby_id, question_id, order_in_question) VALUES (202, 'O2', '2014-09-25 16:28:41.207', 'EN', '2014-09-25 16:28:41.207', 'Napoleon', 1, 1, 200, 1);
INSERT INTO question_option (id, code, created_date, language, last_modified_date, title, createdby_id, lastmodifiedby_id, question_id, order_in_question) VALUES (203, 'O3', '2014-09-25 16:28:41.223', 'EN', '2014-09-25 16:28:41.223', 'Philip 2th King of Spain', 1, 1, 200, 2);
INSERT INTO question_option (id, code, created_date, language, last_modified_date, title, createdby_id, lastmodifiedby_id, question_id, order_in_question) VALUES (204, 'O4', '2014-09-25 16:28:41.223', 'EN', '2014-09-25 16:28:41.223', 'Julius Caesar', 1, 1, 200, 3);
INSERT INTO question_option (id, code, created_date, language, last_modified_date, title, createdby_id, lastmodifiedby_id, question_id, order_in_question) VALUES (227, 'O1', '2014-09-25 16:28:41.645', 'EN', '2014-09-25 16:28:41.645', 'Norway', 1, 1, 226, 0);
INSERT INTO question_option (id, code, created_date, language, last_modified_date, title, createdby_id, lastmodifiedby_id, question_id, order_in_question) VALUES (228, 'O2', '2014-09-25 16:28:41.645', 'EN', '2014-09-25 16:28:41.645', 'Sweden', 1, 1, 226, 1);
INSERT INTO question_option (id, code, created_date, language, last_modified_date, title, createdby_id, lastmodifiedby_id, question_id, order_in_question) VALUES (229, 'O3', '2014-09-25 16:28:41.645', 'EN', '2014-09-25 16:28:41.645', 'Denmark', 1, 1, 226, 2);
INSERT INTO question_option (id, code, created_date, language, last_modified_date, title, createdby_id, lastmodifiedby_id, question_id, order_in_question) VALUES (230, 'O4', '2014-09-25 16:28:41.645', 'EN', '2014-09-25 16:28:41.645', 'Iceland', 1, 1, 226, 3);
INSERT INTO question_option (id, code, created_date, language, last_modified_date, title, createdby_id, lastmodifiedby_id, question_id, order_in_question) VALUES (239, 'O1', '2014-09-25 16:28:41.707', 'EN', '2014-09-25 16:28:41.707', 'Vatican City', 1, 1, 238, 0);
INSERT INTO question_option (id, code, created_date, language, last_modified_date, title, createdby_id, lastmodifiedby_id, question_id, order_in_question) VALUES (240, 'O2', '2014-09-25 16:28:41.707', 'EN', '2014-09-25 16:28:41.707', 'Roma', 1, 1, 238, 1);
INSERT INTO question_option (id, code, created_date, language, last_modified_date, title, createdby_id, lastmodifiedby_id, question_id, order_in_question) VALUES (241, 'O3', '2014-09-25 16:28:41.707', 'EN', '2014-09-25 16:28:41.707', 'Helsinki', 1, 1, 238, 2);
INSERT INTO question_option (id, code, created_date, language, last_modified_date, title, createdby_id, lastmodifiedby_id, question_id, order_in_question) VALUES (242, 'O4', '2014-09-25 16:28:41.707', 'EN', '2014-09-25 16:28:41.707', 'Viena', 1, 1, 238, 3);
INSERT INTO question_option (id, code, created_date, language, last_modified_date, title, createdby_id, lastmodifiedby_id, question_id, order_in_question) VALUES (251, 'O1', '2014-09-25 16:28:41.785', 'EN', '2014-09-25 16:28:41.785', 'Westphalia', 1, 1, 250, 0);
INSERT INTO question_option (id, code, created_date, language, last_modified_date, title, createdby_id, lastmodifiedby_id, question_id, order_in_question) VALUES (252, 'O2', '2014-09-25 16:28:41.785', 'EN', '2014-09-25 16:28:41.785', 'Rome', 1, 1, 250, 1);
INSERT INTO question_option (id, code, created_date, language, last_modified_date, title, createdby_id, lastmodifiedby_id, question_id, order_in_question) VALUES (253, 'O3', '2014-09-25 16:28:41.785', 'EN', '2014-09-25 16:28:41.785', 'Brussels', 1, 1, 250, 2);
INSERT INTO question_option (id, code, created_date, language, last_modified_date, title, createdby_id, lastmodifiedby_id, question_id, order_in_question) VALUES (254, 'O4', '2014-09-25 16:28:41.785', 'EN', '2014-09-25 16:28:41.785', 'Versailles', 1, 1, 250, 3);
INSERT INTO question_option (id, code, created_date, language, last_modified_date, title, createdby_id, lastmodifiedby_id, question_id, order_in_question) VALUES (261, 'O1', '2014-09-25 16:28:41.817', 'EN', '2014-09-25 16:28:41.817', 'Norway', 1, 1, 260, 0);
INSERT INTO question_option (id, code, created_date, language, last_modified_date, title, createdby_id, lastmodifiedby_id, question_id, order_in_question) VALUES (262, 'O2', '2014-09-25 16:28:41.817', 'EN', '2014-09-25 16:28:41.817', 'Poland', 1, 1, 260, 1);
INSERT INTO question_option (id, code, created_date, language, last_modified_date, title, createdby_id, lastmodifiedby_id, question_id, order_in_question) VALUES (263, 'O3', '2014-09-25 16:28:41.817', 'EN', '2014-09-25 16:28:41.817', 'Macedonia', 1, 1, 260, 2);
INSERT INTO question_option (id, code, created_date, language, last_modified_date, title, createdby_id, lastmodifiedby_id, question_id, order_in_question) VALUES (264, 'O4', '2014-09-25 16:28:41.817', 'EN', '2014-09-25 16:28:41.817', 'Chipre', 1, 1, 260, 3);
INSERT INTO question_option (id, code, created_date, language, last_modified_date, title, createdby_id, lastmodifiedby_id, question_id, order_in_question) VALUES (273, 'O1', '2014-09-25 16:28:41.926', 'EN', '2014-09-25 16:28:41.926', 'Barcelona', 1, 1, 272, 0);
INSERT INTO question_option (id, code, created_date, language, last_modified_date, title, createdby_id, lastmodifiedby_id, question_id, order_in_question) VALUES (274, 'O2', '2014-09-25 16:28:41.926', 'EN', '2014-09-25 16:28:41.926', 'Lisboa', 1, 1, 272, 1);
INSERT INTO question_option (id, code, created_date, language, last_modified_date, title, createdby_id, lastmodifiedby_id, question_id, order_in_question) VALUES (275, 'O3', '2014-09-25 16:28:41.942', 'EN', '2014-09-25 16:28:41.942', 'Genoa', 1, 1, 272, 2);
INSERT INTO question_option (id, code, created_date, language, last_modified_date, title, createdby_id, lastmodifiedby_id, question_id, order_in_question) VALUES (276, 'O4', '2014-09-25 16:28:41.942', 'EN', '2014-09-25 16:28:41.942', 'Roma', 1, 1, 272, 3);
INSERT INTO question_option (id, code, created_date, language, last_modified_date, title, createdby_id, lastmodifiedby_id, question_id, order_in_question) VALUES (283, 'O1', '2014-09-25 16:28:41.976', 'EN', '2014-09-25 16:28:41.976', 'Portuguese Empire', 1, 1, 282, 0);
INSERT INTO question_option (id, code, created_date, language, last_modified_date, title, createdby_id, lastmodifiedby_id, question_id, order_in_question) VALUES (284, 'O2', '2014-09-25 16:28:41.976', 'EN', '2014-09-25 16:28:41.976', 'British Empire', 1, 1, 282, 1);
INSERT INTO question_option (id, code, created_date, language, last_modified_date, title, createdby_id, lastmodifiedby_id, question_id, order_in_question) VALUES (285, 'O3', '2014-09-25 16:28:41.976', 'EN', '2014-09-25 16:28:41.976', 'Spanish Empire', 1, 1, 282, 2);
INSERT INTO question_option (id, code, created_date, language, last_modified_date, title, createdby_id, lastmodifiedby_id, question_id, order_in_question) VALUES (286, 'O4', '2014-09-25 16:28:41.976', 'EN', '2014-09-25 16:28:41.976', 'Dutch Empire', 1, 1, 282, 3);
INSERT INTO question_option (id, code, created_date, language, last_modified_date, title, createdby_id, lastmodifiedby_id, question_id, order_in_question) VALUES (295, 'O1', '2014-09-25 16:28:42.065', 'EN', '2014-09-25 16:28:42.065', 'Adolph Hitler', 1, 1, 294, 0);
INSERT INTO question_option (id, code, created_date, language, last_modified_date, title, createdby_id, lastmodifiedby_id, question_id, order_in_question) VALUES (296, 'O2', '2014-09-25 16:28:42.066', 'EN', '2014-09-25 16:28:42.066', 'Napoleon', 1, 1, 294, 1);
INSERT INTO question_option (id, code, created_date, language, last_modified_date, title, createdby_id, lastmodifiedby_id, question_id, order_in_question) VALUES (297, 'O3', '2014-09-25 16:28:42.066', 'EN', '2014-09-25 16:28:42.066', 'Philip 2th King of Spain', 1, 1, 294, 2);
INSERT INTO question_option (id, code, created_date, language, last_modified_date, title, createdby_id, lastmodifiedby_id, question_id, order_in_question) VALUES (298, 'O4', '2014-09-25 16:28:42.067', 'EN', '2014-09-25 16:28:42.067', 'Julius Caesar', 1, 1, 294, 3);
INSERT INTO question_option (id, code, created_date, language, last_modified_date, title, createdby_id, lastmodifiedby_id, question_id, order_in_question) VALUES (570, 'O1', '2014-09-25 16:28:44.543', 'EN', '2014-09-25 16:28:44.543', 'under 25,000', 1, 1, 569, 0);
INSERT INTO question_option (id, code, created_date, language, last_modified_date, title, createdby_id, lastmodifiedby_id, question_id, order_in_question) VALUES (571, 'O2', '2014-09-25 16:28:44.543', 'EN', '2014-09-25 16:28:44.543', '25,000 - 29,999', 1, 1, 569, 1);
INSERT INTO question_option (id, code, created_date, language, last_modified_date, title, createdby_id, lastmodifiedby_id, question_id, order_in_question) VALUES (572, 'O3', '2014-09-25 16:28:44.543', 'EN', '2014-09-25 16:28:44.543', '30,000 - 34,999', 1, 1, 569, 2);
INSERT INTO question_option (id, code, created_date, language, last_modified_date, title, createdby_id, lastmodifiedby_id, question_id, order_in_question) VALUES (573, 'O4', '2014-09-25 16:28:44.543', 'EN', '2014-09-25 16:28:44.543', '35,000 - 39,999', 1, 1, 569, 3);
INSERT INTO question_option (id, code, created_date, language, last_modified_date, title, createdby_id, lastmodifiedby_id, question_id, order_in_question) VALUES (574, 'O5', '2014-09-25 16:28:44.543', 'EN', '2014-09-25 16:28:44.543', 'Over 85,000', 1, 1, 569, 4);
INSERT INTO question_option (id, code, created_date, language, last_modified_date, title, createdby_id, lastmodifiedby_id, question_id, order_in_question) VALUES (336, 'O1', '2014-09-25 16:28:42.93', 'EN', '2014-09-25 16:28:42.93', 'Norway', 1, 1, 335, 0);
INSERT INTO question_option (id, code, created_date, language, last_modified_date, title, createdby_id, lastmodifiedby_id, question_id, order_in_question) VALUES (337, 'O2', '2014-09-25 16:28:42.93', 'EN', '2014-09-25 16:28:42.93', 'Sweden', 1, 1, 335, 1);
INSERT INTO question_option (id, code, created_date, language, last_modified_date, title, createdby_id, lastmodifiedby_id, question_id, order_in_question) VALUES (338, 'O3', '2014-09-25 16:28:42.93', 'EN', '2014-09-25 16:28:42.93', 'Denmark', 1, 1, 335, 2);
INSERT INTO question_option (id, code, created_date, language, last_modified_date, title, createdby_id, lastmodifiedby_id, question_id, order_in_question) VALUES (339, 'O4', '2014-09-25 16:28:42.93', 'EN', '2014-09-25 16:28:42.93', 'Iceland', 1, 1, 335, 3);
INSERT INTO question_option (id, code, created_date, language, last_modified_date, title, createdby_id, lastmodifiedby_id, question_id, order_in_question) VALUES (392, 'O1', '2014-09-25 16:28:43.167', 'EN', '2014-09-25 16:28:43.167', 'Portuguese Empire', 1, 1, 391, 0);
INSERT INTO question_option (id, code, created_date, language, last_modified_date, title, createdby_id, lastmodifiedby_id, question_id, order_in_question) VALUES (393, 'O2', '2014-09-25 16:28:43.167', 'EN', '2014-09-25 16:28:43.167', 'British Empire', 1, 1, 391, 1);
INSERT INTO question_option (id, code, created_date, language, last_modified_date, title, createdby_id, lastmodifiedby_id, question_id, order_in_question) VALUES (394, 'O3', '2014-09-25 16:28:43.167', 'EN', '2014-09-25 16:28:43.167', 'Spanish Empire', 1, 1, 391, 2);
INSERT INTO question_option (id, code, created_date, language, last_modified_date, title, createdby_id, lastmodifiedby_id, question_id, order_in_question) VALUES (395, 'O4', '2014-09-25 16:28:43.167', 'EN', '2014-09-25 16:28:43.167', 'Dutch Empire', 1, 1, 391, 3);
INSERT INTO question_option (id, code, created_date, language, last_modified_date, title, createdby_id, lastmodifiedby_id, question_id, order_in_question) VALUES (348, 'O1', '2014-09-25 16:28:42.98', 'EN', '2014-09-25 16:28:42.98', 'Vatican City', 1, 1, 347, 0);
INSERT INTO question_option (id, code, created_date, language, last_modified_date, title, createdby_id, lastmodifiedby_id, question_id, order_in_question) VALUES (349, 'O2', '2014-09-25 16:28:42.98', 'EN', '2014-09-25 16:28:42.98', 'Roma', 1, 1, 347, 1);
INSERT INTO question_option (id, code, created_date, language, last_modified_date, title, createdby_id, lastmodifiedby_id, question_id, order_in_question) VALUES (350, 'O3', '2014-09-25 16:28:42.98', 'EN', '2014-09-25 16:28:42.98', 'Helsinki', 1, 1, 347, 2);
INSERT INTO question_option (id, code, created_date, language, last_modified_date, title, createdby_id, lastmodifiedby_id, question_id, order_in_question) VALUES (351, 'O4', '2014-09-25 16:28:42.98', 'EN', '2014-09-25 16:28:42.98', 'Viena', 1, 1, 347, 3);
INSERT INTO question_option (id, code, created_date, language, last_modified_date, title, createdby_id, lastmodifiedby_id, question_id, order_in_question) VALUES (360, 'O1', '2014-09-25 16:28:43.026', 'EN', '2014-09-25 16:28:43.026', 'Westphalia', 1, 1, 359, 0);
INSERT INTO question_option (id, code, created_date, language, last_modified_date, title, createdby_id, lastmodifiedby_id, question_id, order_in_question) VALUES (361, 'O2', '2014-09-25 16:28:43.026', 'EN', '2014-09-25 16:28:43.026', 'Rome', 1, 1, 359, 1);
INSERT INTO question_option (id, code, created_date, language, last_modified_date, title, createdby_id, lastmodifiedby_id, question_id, order_in_question) VALUES (362, 'O3', '2014-09-25 16:28:43.026', 'EN', '2014-09-25 16:28:43.026', 'Brussels', 1, 1, 359, 2);
INSERT INTO question_option (id, code, created_date, language, last_modified_date, title, createdby_id, lastmodifiedby_id, question_id, order_in_question) VALUES (363, 'O4', '2014-09-25 16:28:43.026', 'EN', '2014-09-25 16:28:43.026', 'Versailles', 1, 1, 359, 3);
INSERT INTO question_option (id, code, created_date, language, last_modified_date, title, createdby_id, lastmodifiedby_id, question_id, order_in_question) VALUES (370, 'O1', '2014-09-25 16:28:43.073', 'EN', '2014-09-25 16:28:43.073', 'Norway', 1, 1, 369, 0);
INSERT INTO question_option (id, code, created_date, language, last_modified_date, title, createdby_id, lastmodifiedby_id, question_id, order_in_question) VALUES (371, 'O2', '2014-09-25 16:28:43.073', 'EN', '2014-09-25 16:28:43.073', 'Poland', 1, 1, 369, 1);
INSERT INTO question_option (id, code, created_date, language, last_modified_date, title, createdby_id, lastmodifiedby_id, question_id, order_in_question) VALUES (372, 'O3', '2014-09-25 16:28:43.073', 'EN', '2014-09-25 16:28:43.073', 'Macedonia', 1, 1, 369, 2);
INSERT INTO question_option (id, code, created_date, language, last_modified_date, title, createdby_id, lastmodifiedby_id, question_id, order_in_question) VALUES (373, 'O4', '2014-09-25 16:28:43.073', 'EN', '2014-09-25 16:28:43.073', 'Chipre', 1, 1, 369, 3);
INSERT INTO question_option (id, code, created_date, language, last_modified_date, title, createdby_id, lastmodifiedby_id, question_id, order_in_question) VALUES (382, 'O1', '2014-09-25 16:28:43.136', 'EN', '2014-09-25 16:28:43.136', 'Barcelona', 1, 1, 381, 0);
INSERT INTO question_option (id, code, created_date, language, last_modified_date, title, createdby_id, lastmodifiedby_id, question_id, order_in_question) VALUES (383, 'O2', '2014-09-25 16:28:43.136', 'EN', '2014-09-25 16:28:43.136', 'Lisboa', 1, 1, 381, 1);
INSERT INTO question_option (id, code, created_date, language, last_modified_date, title, createdby_id, lastmodifiedby_id, question_id, order_in_question) VALUES (384, 'O3', '2014-09-25 16:28:43.136', 'EN', '2014-09-25 16:28:43.136', 'Genoa', 1, 1, 381, 2);
INSERT INTO question_option (id, code, created_date, language, last_modified_date, title, createdby_id, lastmodifiedby_id, question_id, order_in_question) VALUES (385, 'O4', '2014-09-25 16:28:43.136', 'EN', '2014-09-25 16:28:43.136', 'Roma', 1, 1, 381, 3);
INSERT INTO question_option (id, code, created_date, language, last_modified_date, title, createdby_id, lastmodifiedby_id, question_id, order_in_question) VALUES (404, 'O1', '2014-09-25 16:28:43.214', 'EN', '2014-09-25 16:28:43.214', 'Adolph Hitler', 1, 1, 403, 0);
INSERT INTO question_option (id, code, created_date, language, last_modified_date, title, createdby_id, lastmodifiedby_id, question_id, order_in_question) VALUES (405, 'O2', '2014-09-25 16:28:43.214', 'EN', '2014-09-25 16:28:43.214', 'Napoleon', 1, 1, 403, 1);
INSERT INTO question_option (id, code, created_date, language, last_modified_date, title, createdby_id, lastmodifiedby_id, question_id, order_in_question) VALUES (406, 'O3', '2014-09-25 16:28:43.23', 'EN', '2014-09-25 16:28:43.23', 'Philip 2th King of Spain', 1, 1, 403, 2);
INSERT INTO question_option (id, code, created_date, language, last_modified_date, title, createdby_id, lastmodifiedby_id, question_id, order_in_question) VALUES (407, 'O4', '2014-09-25 16:28:43.23', 'EN', '2014-09-25 16:28:43.23', 'Julius Caesar', 1, 1, 403, 3);
INSERT INTO question_option (id, code, created_date, language, last_modified_date, title, createdby_id, lastmodifiedby_id, question_id, order_in_question) VALUES (445, 'O1', '2014-09-25 16:28:43.855', 'EN', '2014-09-25 16:28:43.855', 'Norway', 1, 1, 444, 0);
INSERT INTO question_option (id, code, created_date, language, last_modified_date, title, createdby_id, lastmodifiedby_id, question_id, order_in_question) VALUES (446, 'O2', '2014-09-25 16:28:43.855', 'EN', '2014-09-25 16:28:43.855', 'Sweden', 1, 1, 444, 1);
INSERT INTO question_option (id, code, created_date, language, last_modified_date, title, createdby_id, lastmodifiedby_id, question_id, order_in_question) VALUES (447, 'O3', '2014-09-25 16:28:43.855', 'EN', '2014-09-25 16:28:43.855', 'Denmark', 1, 1, 444, 2);
INSERT INTO question_option (id, code, created_date, language, last_modified_date, title, createdby_id, lastmodifiedby_id, question_id, order_in_question) VALUES (448, 'O4', '2014-09-25 16:28:43.855', 'EN', '2014-09-25 16:28:43.855', 'Iceland', 1, 1, 444, 3);
INSERT INTO question_option (id, code, created_date, language, last_modified_date, title, createdby_id, lastmodifiedby_id, question_id, order_in_question) VALUES (457, 'O1', '2014-09-25 16:28:43.902', 'EN', '2014-09-25 16:28:43.902', 'Vatican City', 1, 1, 456, 0);
INSERT INTO question_option (id, code, created_date, language, last_modified_date, title, createdby_id, lastmodifiedby_id, question_id, order_in_question) VALUES (458, 'O2', '2014-09-25 16:28:43.902', 'EN', '2014-09-25 16:28:43.902', 'Roma', 1, 1, 456, 1);
INSERT INTO question_option (id, code, created_date, language, last_modified_date, title, createdby_id, lastmodifiedby_id, question_id, order_in_question) VALUES (459, 'O3', '2014-09-25 16:28:43.902', 'EN', '2014-09-25 16:28:43.902', 'Helsinki', 1, 1, 456, 2);
INSERT INTO question_option (id, code, created_date, language, last_modified_date, title, createdby_id, lastmodifiedby_id, question_id, order_in_question) VALUES (460, 'O4', '2014-09-25 16:28:43.902', 'EN', '2014-09-25 16:28:43.902', 'Viena', 1, 1, 456, 3);
INSERT INTO question_option (id, code, created_date, language, last_modified_date, title, createdby_id, lastmodifiedby_id, question_id, order_in_question) VALUES (491, 'O1', '2014-09-25 16:28:44.043', 'EN', '2014-09-25 16:28:44.043', 'Barcelona', 1, 1, 490, 0);
INSERT INTO question_option (id, code, created_date, language, last_modified_date, title, createdby_id, lastmodifiedby_id, question_id, order_in_question) VALUES (492, 'O2', '2014-09-25 16:28:44.043', 'EN', '2014-09-25 16:28:44.043', 'Lisboa', 1, 1, 490, 1);
INSERT INTO question_option (id, code, created_date, language, last_modified_date, title, createdby_id, lastmodifiedby_id, question_id, order_in_question) VALUES (493, 'O3', '2014-09-25 16:28:44.043', 'EN', '2014-09-25 16:28:44.043', 'Genoa', 1, 1, 490, 2);
INSERT INTO question_option (id, code, created_date, language, last_modified_date, title, createdby_id, lastmodifiedby_id, question_id, order_in_question) VALUES (494, 'O4', '2014-09-25 16:28:44.043', 'EN', '2014-09-25 16:28:44.043', 'Roma', 1, 1, 490, 3);
INSERT INTO question_option (id, code, created_date, language, last_modified_date, title, createdby_id, lastmodifiedby_id, question_id, order_in_question) VALUES (501, 'O1', '2014-09-25 16:28:44.075', 'EN', '2014-09-25 16:28:44.075', 'Portuguese Empire', 1, 1, 500, 0);
INSERT INTO question_option (id, code, created_date, language, last_modified_date, title, createdby_id, lastmodifiedby_id, question_id, order_in_question) VALUES (502, 'O2', '2014-09-25 16:28:44.075', 'EN', '2014-09-25 16:28:44.075', 'British Empire', 1, 1, 500, 1);
INSERT INTO question_option (id, code, created_date, language, last_modified_date, title, createdby_id, lastmodifiedby_id, question_id, order_in_question) VALUES (503, 'O3', '2014-09-25 16:28:44.075', 'EN', '2014-09-25 16:28:44.075', 'Spanish Empire', 1, 1, 500, 2);
INSERT INTO question_option (id, code, created_date, language, last_modified_date, title, createdby_id, lastmodifiedby_id, question_id, order_in_question) VALUES (504, 'O4', '2014-09-25 16:28:44.075', 'EN', '2014-09-25 16:28:44.075', 'Dutch Empire', 1, 1, 500, 3);
INSERT INTO question_option (id, code, created_date, language, last_modified_date, title, createdby_id, lastmodifiedby_id, question_id, order_in_question) VALUES (513, 'O1', '2014-09-25 16:28:44.137', 'EN', '2014-09-25 16:28:44.137', 'Adolph Hitler', 1, 1, 512, 0);
INSERT INTO question_option (id, code, created_date, language, last_modified_date, title, createdby_id, lastmodifiedby_id, question_id, order_in_question) VALUES (514, 'O2', '2014-09-25 16:28:44.137', 'EN', '2014-09-25 16:28:44.137', 'Napoleon', 1, 1, 512, 1);
INSERT INTO question_option (id, code, created_date, language, last_modified_date, title, createdby_id, lastmodifiedby_id, question_id, order_in_question) VALUES (515, 'O3', '2014-09-25 16:28:44.137', 'EN', '2014-09-25 16:28:44.137', 'Philip 2th King of Spain', 1, 1, 512, 2);
INSERT INTO question_option (id, code, created_date, language, last_modified_date, title, createdby_id, lastmodifiedby_id, question_id, order_in_question) VALUES (516, 'O4', '2014-09-25 16:28:44.137', 'EN', '2014-09-25 16:28:44.137', 'Julius Caesar', 1, 1, 512, 3);
INSERT INTO question_option (id, code, created_date, language, last_modified_date, title, createdby_id, lastmodifiedby_id, question_id, order_in_question) VALUES (469, 'O1', '2014-09-25 16:28:43.948', 'EN', '2014-09-25 16:28:43.948', 'Westphalia', 1, 1, 468, 0);
INSERT INTO question_option (id, code, created_date, language, last_modified_date, title, createdby_id, lastmodifiedby_id, question_id, order_in_question) VALUES (470, 'O2', '2014-09-25 16:28:43.948', 'EN', '2014-09-25 16:28:43.948', 'Rome', 1, 1, 468, 1);
INSERT INTO question_option (id, code, created_date, language, last_modified_date, title, createdby_id, lastmodifiedby_id, question_id, order_in_question) VALUES (471, 'O3', '2014-09-25 16:28:43.948', 'EN', '2014-09-25 16:28:43.948', 'Brussels', 1, 1, 468, 2);
INSERT INTO question_option (id, code, created_date, language, last_modified_date, title, createdby_id, lastmodifiedby_id, question_id, order_in_question) VALUES (472, 'O4', '2014-09-25 16:28:43.948', 'EN', '2014-09-25 16:28:43.948', 'Versailles', 1, 1, 468, 3);
INSERT INTO question_option (id, code, created_date, language, last_modified_date, title, createdby_id, lastmodifiedby_id, question_id, order_in_question) VALUES (546, 'O1', '2014-09-25 16:28:44.465', 'EN', '2014-09-25 16:28:44.465', 'Agree strongly', 1, 1, 545, 0);
INSERT INTO question_option (id, code, created_date, language, last_modified_date, title, createdby_id, lastmodifiedby_id, question_id, order_in_question) VALUES (547, 'O2', '2014-09-25 16:28:44.465', 'EN', '2014-09-25 16:28:44.465', 'Agree somewhat', 1, 1, 545, 1);
INSERT INTO question_option (id, code, created_date, language, last_modified_date, title, createdby_id, lastmodifiedby_id, question_id, order_in_question) VALUES (548, 'O3', '2014-09-25 16:28:44.465', 'EN', '2014-09-25 16:28:44.465', 'Neither agree nor disagree', 1, 1, 545, 2);
INSERT INTO question_option (id, code, created_date, language, last_modified_date, title, createdby_id, lastmodifiedby_id, question_id, order_in_question) VALUES (549, 'O4', '2014-09-25 16:28:44.465', 'EN', '2014-09-25 16:28:44.465', 'Disagree somewhat', 1, 1, 545, 3);
INSERT INTO question_option (id, code, created_date, language, last_modified_date, title, createdby_id, lastmodifiedby_id, question_id, order_in_question) VALUES (550, 'O5', '2014-09-25 16:28:44.465', 'EN', '2014-09-25 16:28:44.465', 'Agree strongly', 1, 1, 545, 4);
INSERT INTO question_option (id, code, created_date, language, last_modified_date, title, createdby_id, lastmodifiedby_id, question_id, order_in_question) VALUES (551, 'O6', '2014-09-25 16:28:44.481', 'EN', '2014-09-25 16:28:44.481', 'Disagree strongly', 1, 1, 545, 5);
INSERT INTO question_option (id, code, created_date, language, last_modified_date, title, createdby_id, lastmodifiedby_id, question_id, order_in_question) VALUES (479, 'O1', '2014-09-25 16:28:43.981', 'EN', '2014-09-25 16:28:43.981', 'Norway', 1, 1, 478, 0);
INSERT INTO question_option (id, code, created_date, language, last_modified_date, title, createdby_id, lastmodifiedby_id, question_id, order_in_question) VALUES (480, 'O2', '2014-09-25 16:28:43.981', 'EN', '2014-09-25 16:28:43.981', 'Poland', 1, 1, 478, 1);
INSERT INTO question_option (id, code, created_date, language, last_modified_date, title, createdby_id, lastmodifiedby_id, question_id, order_in_question) VALUES (481, 'O3', '2014-09-25 16:28:43.981', 'EN', '2014-09-25 16:28:43.981', 'Macedonia', 1, 1, 478, 2);
INSERT INTO question_option (id, code, created_date, language, last_modified_date, title, createdby_id, lastmodifiedby_id, question_id, order_in_question) VALUES (482, 'O4', '2014-09-25 16:28:43.981', 'EN', '2014-09-25 16:28:43.981', 'Chipre', 1, 1, 478, 3);
INSERT INTO question_option (id, code, created_date, language, last_modified_date, title, createdby_id, lastmodifiedby_id, question_id, order_in_question) VALUES (557, 'O1', '2014-09-25 16:28:44.496', 'EN', '2014-09-25 16:28:44.496', 'Agree strongly', 1, 1, 556, 0);
INSERT INTO question_option (id, code, created_date, language, last_modified_date, title, createdby_id, lastmodifiedby_id, question_id, order_in_question) VALUES (558, 'O2', '2014-09-25 16:28:44.512', 'EN', '2014-09-25 16:28:44.512', 'Agree somewhat', 1, 1, 556, 1);
INSERT INTO question_option (id, code, created_date, language, last_modified_date, title, createdby_id, lastmodifiedby_id, question_id, order_in_question) VALUES (559, 'O3', '2014-09-25 16:28:44.512', 'EN', '2014-09-25 16:28:44.512', 'Neither agree nor disagree', 1, 1, 556, 2);
INSERT INTO question_option (id, code, created_date, language, last_modified_date, title, createdby_id, lastmodifiedby_id, question_id, order_in_question) VALUES (560, 'O4', '2014-09-25 16:28:44.512', 'EN', '2014-09-25 16:28:44.512', 'Disagree somewhat', 1, 1, 556, 3);
INSERT INTO question_option (id, code, created_date, language, last_modified_date, title, createdby_id, lastmodifiedby_id, question_id, order_in_question) VALUES (561, 'O5', '2014-09-25 16:28:44.512', 'EN', '2014-09-25 16:28:44.512', 'Agree strongly', 1, 1, 556, 4);
INSERT INTO question_option (id, code, created_date, language, last_modified_date, title, createdby_id, lastmodifiedby_id, question_id, order_in_question) VALUES (562, 'O6', '2014-09-25 16:28:44.512', 'EN', '2014-09-25 16:28:44.512', 'Disagree strongly', 1, 1, 556, 5);


--
-- TOC entry 2258 (class 0 OID 118267)
-- Dependencies: 187
-- Data for Name: question_option_translation; Type: TABLE DATA; Schema: public; Owner: postgres
--

INSERT INTO question_option_translation (id, language, title, questionoption_id) VALUES (29, 'ES', 'Noruega', 24);
INSERT INTO question_option_translation (id, language, title, questionoption_id) VALUES (30, 'ES', 'Suecia', 25);
INSERT INTO question_option_translation (id, language, title, questionoption_id) VALUES (31, 'ES', 'Dinamarca', 26);
INSERT INTO question_option_translation (id, language, title, questionoption_id) VALUES (32, 'ES', 'Islandia', 27);
INSERT INTO question_option_translation (id, language, title, questionoption_id) VALUES (41, 'ES', 'Ciudad del Vaticano', 36);
INSERT INTO question_option_translation (id, language, title, questionoption_id) VALUES (42, 'ES', 'Roma', 37);
INSERT INTO question_option_translation (id, language, title, questionoption_id) VALUES (43, 'ES', 'Helsinki', 38);
INSERT INTO question_option_translation (id, language, title, questionoption_id) VALUES (44, 'ES', 'Viena', 39);
INSERT INTO question_option_translation (id, language, title, questionoption_id) VALUES (53, 'ES', 'Westphalia', 48);
INSERT INTO question_option_translation (id, language, title, questionoption_id) VALUES (54, 'ES', 'Roma', 49);
INSERT INTO question_option_translation (id, language, title, questionoption_id) VALUES (55, 'ES', 'Bruselas', 50);
INSERT INTO question_option_translation (id, language, title, questionoption_id) VALUES (56, 'ES', 'Islandia', 51);
INSERT INTO question_option_translation (id, language, title, questionoption_id) VALUES (63, 'ES', 'Noruega', 58);
INSERT INTO question_option_translation (id, language, title, questionoption_id) VALUES (64, 'ES', 'Polonia', 59);
INSERT INTO question_option_translation (id, language, title, questionoption_id) VALUES (65, 'ES', 'Macedonia', 60);
INSERT INTO question_option_translation (id, language, title, questionoption_id) VALUES (66, 'ES', 'Chipre', 61);
INSERT INTO question_option_translation (id, language, title, questionoption_id) VALUES (75, 'ES', 'Barcelona', 70);
INSERT INTO question_option_translation (id, language, title, questionoption_id) VALUES (76, 'ES', 'Lisboa', 71);
INSERT INTO question_option_translation (id, language, title, questionoption_id) VALUES (77, 'ES', 'Genova', 72);
INSERT INTO question_option_translation (id, language, title, questionoption_id) VALUES (78, 'ES', 'Roma', 73);
INSERT INTO question_option_translation (id, language, title, questionoption_id) VALUES (85, 'ES', 'Imperio Portugues', 80);
INSERT INTO question_option_translation (id, language, title, questionoption_id) VALUES (86, 'ES', 'Imperio Britnico', 81);
INSERT INTO question_option_translation (id, language, title, questionoption_id) VALUES (87, 'ES', 'Imperio Espaol', 82);
INSERT INTO question_option_translation (id, language, title, questionoption_id) VALUES (88, 'ES', 'Imperio Holands', 83);
INSERT INTO question_option_translation (id, language, title, questionoption_id) VALUES (97, 'ES', 'Adolfo Hitler', 92);
INSERT INTO question_option_translation (id, language, title, questionoption_id) VALUES (98, 'ES', 'Napolen', 93);
INSERT INTO question_option_translation (id, language, title, questionoption_id) VALUES (99, 'ES', 'Felipe II', 94);
INSERT INTO question_option_translation (id, language, title, questionoption_id) VALUES (100, 'ES', 'Julio Cesar', 95);
INSERT INTO question_option_translation (id, language, title, questionoption_id) VALUES (138, 'ES', 'Noruega', 133);
INSERT INTO question_option_translation (id, language, title, questionoption_id) VALUES (139, 'ES', 'Suecia', 134);
INSERT INTO question_option_translation (id, language, title, questionoption_id) VALUES (140, 'ES', 'Dinamarca', 135);
INSERT INTO question_option_translation (id, language, title, questionoption_id) VALUES (141, 'ES', 'Islandia', 136);
INSERT INTO question_option_translation (id, language, title, questionoption_id) VALUES (150, 'ES', 'Ciudad del Vaticano', 145);
INSERT INTO question_option_translation (id, language, title, questionoption_id) VALUES (151, 'ES', 'Roma', 146);
INSERT INTO question_option_translation (id, language, title, questionoption_id) VALUES (152, 'ES', 'Helsinki', 147);
INSERT INTO question_option_translation (id, language, title, questionoption_id) VALUES (153, 'ES', 'Viena', 148);
INSERT INTO question_option_translation (id, language, title, questionoption_id) VALUES (162, 'ES', 'Westphalia', 157);
INSERT INTO question_option_translation (id, language, title, questionoption_id) VALUES (163, 'ES', 'Roma', 158);
INSERT INTO question_option_translation (id, language, title, questionoption_id) VALUES (164, 'ES', 'Bruselas', 159);
INSERT INTO question_option_translation (id, language, title, questionoption_id) VALUES (165, 'ES', 'Islandia', 160);
INSERT INTO question_option_translation (id, language, title, questionoption_id) VALUES (172, 'ES', 'Noruega', 167);
INSERT INTO question_option_translation (id, language, title, questionoption_id) VALUES (173, 'ES', 'Polonia', 168);
INSERT INTO question_option_translation (id, language, title, questionoption_id) VALUES (174, 'ES', 'Macedonia', 169);
INSERT INTO question_option_translation (id, language, title, questionoption_id) VALUES (175, 'ES', 'Chipre', 170);
INSERT INTO question_option_translation (id, language, title, questionoption_id) VALUES (184, 'ES', 'Barcelona', 179);
INSERT INTO question_option_translation (id, language, title, questionoption_id) VALUES (185, 'ES', 'Lisboa', 180);
INSERT INTO question_option_translation (id, language, title, questionoption_id) VALUES (186, 'ES', 'Genova', 181);
INSERT INTO question_option_translation (id, language, title, questionoption_id) VALUES (187, 'ES', 'Roma', 182);
INSERT INTO question_option_translation (id, language, title, questionoption_id) VALUES (194, 'ES', 'Imperio Portugues', 189);
INSERT INTO question_option_translation (id, language, title, questionoption_id) VALUES (195, 'ES', 'Imperio Britnico', 190);
INSERT INTO question_option_translation (id, language, title, questionoption_id) VALUES (196, 'ES', 'Imperio Espaol', 191);
INSERT INTO question_option_translation (id, language, title, questionoption_id) VALUES (197, 'ES', 'Imperio Holands', 192);
INSERT INTO question_option_translation (id, language, title, questionoption_id) VALUES (206, 'ES', 'Adolfo Hitler', 201);
INSERT INTO question_option_translation (id, language, title, questionoption_id) VALUES (207, 'ES', 'Napolen', 202);
INSERT INTO question_option_translation (id, language, title, questionoption_id) VALUES (208, 'ES', 'Felipe II', 203);
INSERT INTO question_option_translation (id, language, title, questionoption_id) VALUES (209, 'ES', 'Julio Cesar', 204);
INSERT INTO question_option_translation (id, language, title, questionoption_id) VALUES (232, 'ES', 'Noruega', 227);
INSERT INTO question_option_translation (id, language, title, questionoption_id) VALUES (233, 'ES', 'Suecia', 228);
INSERT INTO question_option_translation (id, language, title, questionoption_id) VALUES (234, 'ES', 'Dinamarca', 229);
INSERT INTO question_option_translation (id, language, title, questionoption_id) VALUES (235, 'ES', 'Islandia', 230);
INSERT INTO question_option_translation (id, language, title, questionoption_id) VALUES (244, 'ES', 'Ciudad del Vaticano', 239);
INSERT INTO question_option_translation (id, language, title, questionoption_id) VALUES (245, 'ES', 'Roma', 240);
INSERT INTO question_option_translation (id, language, title, questionoption_id) VALUES (246, 'ES', 'Helsinki', 241);
INSERT INTO question_option_translation (id, language, title, questionoption_id) VALUES (247, 'ES', 'Viena', 242);
INSERT INTO question_option_translation (id, language, title, questionoption_id) VALUES (256, 'ES', 'Westphalia', 251);
INSERT INTO question_option_translation (id, language, title, questionoption_id) VALUES (257, 'ES', 'Roma', 252);
INSERT INTO question_option_translation (id, language, title, questionoption_id) VALUES (258, 'ES', 'Bruselas', 253);
INSERT INTO question_option_translation (id, language, title, questionoption_id) VALUES (259, 'ES', 'Islandia', 254);
INSERT INTO question_option_translation (id, language, title, questionoption_id) VALUES (266, 'ES', 'Noruega', 261);
INSERT INTO question_option_translation (id, language, title, questionoption_id) VALUES (267, 'ES', 'Polonia', 262);
INSERT INTO question_option_translation (id, language, title, questionoption_id) VALUES (268, 'ES', 'Macedonia', 263);
INSERT INTO question_option_translation (id, language, title, questionoption_id) VALUES (269, 'ES', 'Chipre', 264);
INSERT INTO question_option_translation (id, language, title, questionoption_id) VALUES (278, 'ES', 'Barcelona', 273);
INSERT INTO question_option_translation (id, language, title, questionoption_id) VALUES (279, 'ES', 'Lisboa', 274);
INSERT INTO question_option_translation (id, language, title, questionoption_id) VALUES (280, 'ES', 'Genova', 275);
INSERT INTO question_option_translation (id, language, title, questionoption_id) VALUES (281, 'ES', 'Roma', 276);
INSERT INTO question_option_translation (id, language, title, questionoption_id) VALUES (288, 'ES', 'Imperio Portugues', 283);
INSERT INTO question_option_translation (id, language, title, questionoption_id) VALUES (289, 'ES', 'Imperio Britnico', 284);
INSERT INTO question_option_translation (id, language, title, questionoption_id) VALUES (290, 'ES', 'Imperio Espaol', 285);
INSERT INTO question_option_translation (id, language, title, questionoption_id) VALUES (291, 'ES', 'Imperio Holands', 286);
INSERT INTO question_option_translation (id, language, title, questionoption_id) VALUES (300, 'ES', 'Adolfo Hitler', 295);
INSERT INTO question_option_translation (id, language, title, questionoption_id) VALUES (301, 'ES', 'Napolen', 296);
INSERT INTO question_option_translation (id, language, title, questionoption_id) VALUES (302, 'ES', 'Felipe II', 297);
INSERT INTO question_option_translation (id, language, title, questionoption_id) VALUES (303, 'ES', 'Julio Cesar', 298);
INSERT INTO question_option_translation (id, language, title, questionoption_id) VALUES (341, 'ES', 'Noruega', 336);
INSERT INTO question_option_translation (id, language, title, questionoption_id) VALUES (342, 'ES', 'Suecia', 337);
INSERT INTO question_option_translation (id, language, title, questionoption_id) VALUES (343, 'ES', 'Dinamarca', 338);
INSERT INTO question_option_translation (id, language, title, questionoption_id) VALUES (344, 'ES', 'Islandia', 339);
INSERT INTO question_option_translation (id, language, title, questionoption_id) VALUES (353, 'ES', 'Ciudad del Vaticano', 348);
INSERT INTO question_option_translation (id, language, title, questionoption_id) VALUES (354, 'ES', 'Roma', 349);
INSERT INTO question_option_translation (id, language, title, questionoption_id) VALUES (355, 'ES', 'Helsinki', 350);
INSERT INTO question_option_translation (id, language, title, questionoption_id) VALUES (356, 'ES', 'Viena', 351);
INSERT INTO question_option_translation (id, language, title, questionoption_id) VALUES (365, 'ES', 'Westphalia', 360);
INSERT INTO question_option_translation (id, language, title, questionoption_id) VALUES (366, 'ES', 'Roma', 361);
INSERT INTO question_option_translation (id, language, title, questionoption_id) VALUES (367, 'ES', 'Bruselas', 362);
INSERT INTO question_option_translation (id, language, title, questionoption_id) VALUES (368, 'ES', 'Islandia', 363);
INSERT INTO question_option_translation (id, language, title, questionoption_id) VALUES (375, 'ES', 'Noruega', 370);
INSERT INTO question_option_translation (id, language, title, questionoption_id) VALUES (376, 'ES', 'Polonia', 371);
INSERT INTO question_option_translation (id, language, title, questionoption_id) VALUES (377, 'ES', 'Macedonia', 372);
INSERT INTO question_option_translation (id, language, title, questionoption_id) VALUES (378, 'ES', 'Chipre', 373);
INSERT INTO question_option_translation (id, language, title, questionoption_id) VALUES (387, 'ES', 'Barcelona', 382);
INSERT INTO question_option_translation (id, language, title, questionoption_id) VALUES (388, 'ES', 'Lisboa', 383);
INSERT INTO question_option_translation (id, language, title, questionoption_id) VALUES (389, 'ES', 'Genova', 384);
INSERT INTO question_option_translation (id, language, title, questionoption_id) VALUES (390, 'ES', 'Roma', 385);
INSERT INTO question_option_translation (id, language, title, questionoption_id) VALUES (397, 'ES', 'Imperio Portugues', 392);
INSERT INTO question_option_translation (id, language, title, questionoption_id) VALUES (398, 'ES', 'Imperio Britnico', 393);
INSERT INTO question_option_translation (id, language, title, questionoption_id) VALUES (399, 'ES', 'Imperio Espaol', 394);
INSERT INTO question_option_translation (id, language, title, questionoption_id) VALUES (400, 'ES', 'Imperio Holands', 395);
INSERT INTO question_option_translation (id, language, title, questionoption_id) VALUES (409, 'ES', 'Adolfo Hitler', 404);
INSERT INTO question_option_translation (id, language, title, questionoption_id) VALUES (410, 'ES', 'Napolen', 405);
INSERT INTO question_option_translation (id, language, title, questionoption_id) VALUES (411, 'ES', 'Felipe II', 406);
INSERT INTO question_option_translation (id, language, title, questionoption_id) VALUES (412, 'ES', 'Julio Cesar', 407);
INSERT INTO question_option_translation (id, language, title, questionoption_id) VALUES (450, 'ES', 'Noruega', 445);
INSERT INTO question_option_translation (id, language, title, questionoption_id) VALUES (451, 'ES', 'Suecia', 446);
INSERT INTO question_option_translation (id, language, title, questionoption_id) VALUES (452, 'ES', 'Dinamarca', 447);
INSERT INTO question_option_translation (id, language, title, questionoption_id) VALUES (453, 'ES', 'Islandia', 448);
INSERT INTO question_option_translation (id, language, title, questionoption_id) VALUES (462, 'ES', 'Ciudad del Vaticano', 457);
INSERT INTO question_option_translation (id, language, title, questionoption_id) VALUES (463, 'ES', 'Roma', 458);
INSERT INTO question_option_translation (id, language, title, questionoption_id) VALUES (464, 'ES', 'Helsinki', 459);
INSERT INTO question_option_translation (id, language, title, questionoption_id) VALUES (465, 'ES', 'Viena', 460);
INSERT INTO question_option_translation (id, language, title, questionoption_id) VALUES (474, 'ES', 'Westphalia', 469);
INSERT INTO question_option_translation (id, language, title, questionoption_id) VALUES (475, 'ES', 'Roma', 470);
INSERT INTO question_option_translation (id, language, title, questionoption_id) VALUES (476, 'ES', 'Bruselas', 471);
INSERT INTO question_option_translation (id, language, title, questionoption_id) VALUES (477, 'ES', 'Islandia', 472);
INSERT INTO question_option_translation (id, language, title, questionoption_id) VALUES (484, 'ES', 'Noruega', 479);
INSERT INTO question_option_translation (id, language, title, questionoption_id) VALUES (485, 'ES', 'Polonia', 480);
INSERT INTO question_option_translation (id, language, title, questionoption_id) VALUES (486, 'ES', 'Macedonia', 481);
INSERT INTO question_option_translation (id, language, title, questionoption_id) VALUES (487, 'ES', 'Chipre', 482);
INSERT INTO question_option_translation (id, language, title, questionoption_id) VALUES (496, 'ES', 'Barcelona', 491);
INSERT INTO question_option_translation (id, language, title, questionoption_id) VALUES (497, 'ES', 'Lisboa', 492);
INSERT INTO question_option_translation (id, language, title, questionoption_id) VALUES (498, 'ES', 'Genova', 493);
INSERT INTO question_option_translation (id, language, title, questionoption_id) VALUES (499, 'ES', 'Roma', 494);
INSERT INTO question_option_translation (id, language, title, questionoption_id) VALUES (506, 'ES', 'Imperio Portugues', 501);
INSERT INTO question_option_translation (id, language, title, questionoption_id) VALUES (507, 'ES', 'Imperio Britnico', 502);
INSERT INTO question_option_translation (id, language, title, questionoption_id) VALUES (508, 'ES', 'Imperio Espaol', 503);
INSERT INTO question_option_translation (id, language, title, questionoption_id) VALUES (509, 'ES', 'Imperio Holands', 504);
INSERT INTO question_option_translation (id, language, title, questionoption_id) VALUES (518, 'ES', 'Adolfo Hitler', 513);
INSERT INTO question_option_translation (id, language, title, questionoption_id) VALUES (519, 'ES', 'Napolen', 514);
INSERT INTO question_option_translation (id, language, title, questionoption_id) VALUES (520, 'ES', 'Felipe II', 515);
INSERT INTO question_option_translation (id, language, title, questionoption_id) VALUES (521, 'ES', 'Julio Cesar', 516);


--
-- TOC entry 2259 (class 0 OID 118275)
-- Dependencies: 188
-- Data for Name: question_translation; Type: TABLE DATA; Schema: public; Owner: postgres
--

INSERT INTO question_translation (id, language, help, title, question_id) VALUES (22, 'ES', NULL, 'Cul es la capital de Malta?', 21);
INSERT INTO question_translation (id, language, help, title, question_id) VALUES (28, 'ES', NULL, 'Qu pais tiene como capital Copenague?', 23);
INSERT INTO question_translation (id, language, help, title, question_id) VALUES (34, 'ES', NULL, 'Cuantas capitales europeas fueron fundadas por los romanos?', 33);
INSERT INTO question_translation (id, language, help, title, question_id) VALUES (40, 'ES', NULL, 'Cuantas de estas capitales Europeas estan al pie de un ro?', 35);
INSERT INTO question_translation (id, language, help, title, question_id) VALUES (46, 'ES', NULL, 'Que significa UE?', 45);
INSERT INTO question_translation (id, language, help, title, question_id) VALUES (52, 'ES', NULL, 'Dnde fue firmado el trado de Comunidad Econmica Europea, precedesor de Unin Europea?', 47);
INSERT INTO question_translation (id, language, help, title, question_id) VALUES (62, 'ES', NULL, 'Cul de estos pases europeos pertenecen a la zona euro?', 57);
INSERT INTO question_translation (id, language, help, title, question_id) VALUES (68, 'ES', NULL, 'Cuantos marcos finlandeses necesitas para tener un euro?', 67);
INSERT INTO question_translation (id, language, help, title, question_id) VALUES (74, 'ES', NULL, 'Dnde naci Cristobal Coln?', 69);
INSERT INTO question_translation (id, language, help, title, question_id) VALUES (84, 'ES', NULL, 'Cul fue el imperio ms grande en el siglo XVI?', 79);
INSERT INTO question_translation (id, language, help, title, question_id) VALUES (90, 'ES', NULL, 'Qu nacionalidad tena el primer Europeo que lleg a Congo?', 89);
INSERT INTO question_translation (id, language, help, title, question_id) VALUES (96, 'ES', NULL, 'Cual de estos hombres caus ms bajas en Europa?', 91);
INSERT INTO question_translation (id, language, help, title, question_id) VALUES (131, 'ES', NULL, 'Cul es la capital de Malta?', 130);
INSERT INTO question_translation (id, language, help, title, question_id) VALUES (137, 'ES', NULL, 'Qu pais tiene como capital Copenague?', 132);
INSERT INTO question_translation (id, language, help, title, question_id) VALUES (143, 'ES', NULL, 'Cuantas capitales europeas fueron fundadas por los romanos?', 142);
INSERT INTO question_translation (id, language, help, title, question_id) VALUES (149, 'ES', NULL, 'Cuantas de estas capitales Europeas estan al pie de un ro?', 144);
INSERT INTO question_translation (id, language, help, title, question_id) VALUES (155, 'ES', NULL, 'Que significa UE?', 154);
INSERT INTO question_translation (id, language, help, title, question_id) VALUES (161, 'ES', NULL, 'Dnde fue firmado el trado de Comunidad Econmica Europea, precedesor de Unin Europea?', 156);
INSERT INTO question_translation (id, language, help, title, question_id) VALUES (171, 'ES', NULL, 'Cul de estos pases europeos pertenecen a la zona euro?', 166);
INSERT INTO question_translation (id, language, help, title, question_id) VALUES (177, 'ES', NULL, 'Cuantos marcos finlandeses necesitas para tener un euro?', 176);
INSERT INTO question_translation (id, language, help, title, question_id) VALUES (183, 'ES', NULL, 'Dnde naci Cristobal Coln?', 178);
INSERT INTO question_translation (id, language, help, title, question_id) VALUES (193, 'ES', NULL, 'Cul fue el imperio ms grande en el siglo XVI?', 188);
INSERT INTO question_translation (id, language, help, title, question_id) VALUES (199, 'ES', NULL, 'Qu nacionalidad tena el primer Europeo que lleg a Congo?', 198);
INSERT INTO question_translation (id, language, help, title, question_id) VALUES (205, 'ES', NULL, 'Cual de estos hombres caus ms bajas en Europa?', 200);
INSERT INTO question_translation (id, language, help, title, question_id) VALUES (225, 'ES', NULL, 'Cul es la capital de Malta?', 224);
INSERT INTO question_translation (id, language, help, title, question_id) VALUES (231, 'ES', NULL, 'Qu pais tiene como capital Copenague?', 226);
INSERT INTO question_translation (id, language, help, title, question_id) VALUES (237, 'ES', NULL, 'Cuantas capitales europeas fueron fundadas por los romanos?', 236);
INSERT INTO question_translation (id, language, help, title, question_id) VALUES (243, 'ES', NULL, 'Cuantas de estas capitales Europeas estan al pie de un ro?', 238);
INSERT INTO question_translation (id, language, help, title, question_id) VALUES (249, 'ES', NULL, 'Que significa UE?', 248);
INSERT INTO question_translation (id, language, help, title, question_id) VALUES (255, 'ES', NULL, 'Dnde fue firmado el trado de Comunidad Econmica Europea, precedesor de Unin Europea?', 250);
INSERT INTO question_translation (id, language, help, title, question_id) VALUES (265, 'ES', NULL, 'Cul de estos pases europeos pertenecen a la zona euro?', 260);
INSERT INTO question_translation (id, language, help, title, question_id) VALUES (271, 'ES', NULL, 'Cuantos marcos finlandeses necesitas para tener un euro?', 270);
INSERT INTO question_translation (id, language, help, title, question_id) VALUES (277, 'ES', NULL, 'Dnde naci Cristobal Coln?', 272);
INSERT INTO question_translation (id, language, help, title, question_id) VALUES (287, 'ES', NULL, 'Cul fue el imperio ms grande en el siglo XVI?', 282);
INSERT INTO question_translation (id, language, help, title, question_id) VALUES (293, 'ES', NULL, 'Qu nacionalidad tena el primer Europeo que lleg a Congo?', 292);
INSERT INTO question_translation (id, language, help, title, question_id) VALUES (299, 'ES', NULL, 'Cual de estos hombres caus ms bajas en Europa?', 294);
INSERT INTO question_translation (id, language, help, title, question_id) VALUES (334, 'ES', NULL, 'Cul es la capital de Malta?', 333);
INSERT INTO question_translation (id, language, help, title, question_id) VALUES (340, 'ES', NULL, 'Qu pais tiene como capital Copenague?', 335);
INSERT INTO question_translation (id, language, help, title, question_id) VALUES (346, 'ES', NULL, 'Cuantas capitales europeas fueron fundadas por los romanos?', 345);
INSERT INTO question_translation (id, language, help, title, question_id) VALUES (352, 'ES', NULL, 'Cuantas de estas capitales Europeas estan al pie de un ro?', 347);
INSERT INTO question_translation (id, language, help, title, question_id) VALUES (358, 'ES', NULL, 'Que significa UE?', 357);
INSERT INTO question_translation (id, language, help, title, question_id) VALUES (364, 'ES', NULL, 'Dnde fue firmado el trado de Comunidad Econmica Europea, precedesor de Unin Europea?', 359);
INSERT INTO question_translation (id, language, help, title, question_id) VALUES (374, 'ES', NULL, 'Cul de estos pases europeos pertenecen a la zona euro?', 369);
INSERT INTO question_translation (id, language, help, title, question_id) VALUES (380, 'ES', NULL, 'Cuantos marcos finlandeses necesitas para tener un euro?', 379);
INSERT INTO question_translation (id, language, help, title, question_id) VALUES (386, 'ES', NULL, 'Dnde naci Cristobal Coln?', 381);
INSERT INTO question_translation (id, language, help, title, question_id) VALUES (396, 'ES', NULL, 'Cul fue el imperio ms grande en el siglo XVI?', 391);
INSERT INTO question_translation (id, language, help, title, question_id) VALUES (402, 'ES', NULL, 'Qu nacionalidad tena el primer Europeo que lleg a Congo?', 401);
INSERT INTO question_translation (id, language, help, title, question_id) VALUES (408, 'ES', NULL, 'Cual de estos hombres caus ms bajas en Europa?', 403);
INSERT INTO question_translation (id, language, help, title, question_id) VALUES (443, 'ES', NULL, 'Cul es la capital de Malta?', 442);
INSERT INTO question_translation (id, language, help, title, question_id) VALUES (449, 'ES', NULL, 'Qu pais tiene como capital Copenague?', 444);
INSERT INTO question_translation (id, language, help, title, question_id) VALUES (455, 'ES', NULL, 'Cuantas capitales europeas fueron fundadas por los romanos?', 454);
INSERT INTO question_translation (id, language, help, title, question_id) VALUES (461, 'ES', NULL, 'Cuantas de estas capitales Europeas estan al pie de un ro?', 456);
INSERT INTO question_translation (id, language, help, title, question_id) VALUES (467, 'ES', NULL, 'Que significa UE?', 466);
INSERT INTO question_translation (id, language, help, title, question_id) VALUES (473, 'ES', NULL, 'Dnde fue firmado el trado de Comunidad Econmica Europea, precedesor de Unin Europea?', 468);
INSERT INTO question_translation (id, language, help, title, question_id) VALUES (483, 'ES', NULL, 'Cul de estos pases europeos pertenecen a la zona euro?', 478);
INSERT INTO question_translation (id, language, help, title, question_id) VALUES (489, 'ES', NULL, 'Cuantos marcos finlandeses necesitas para tener un euro?', 488);
INSERT INTO question_translation (id, language, help, title, question_id) VALUES (495, 'ES', NULL, 'Dnde naci Cristobal Coln?', 490);
INSERT INTO question_translation (id, language, help, title, question_id) VALUES (505, 'ES', NULL, 'Cul fue el imperio ms grande en el siglo XVI?', 500);
INSERT INTO question_translation (id, language, help, title, question_id) VALUES (511, 'ES', NULL, 'Qu nacionalidad tena el primer Europeo que lleg a Congo?', 510);
INSERT INTO question_translation (id, language, help, title, question_id) VALUES (517, 'ES', NULL, 'Cual de estos hombres caus ms bajas en Europa?', 512);


--
-- TOC entry 2242 (class 0 OID 118141)
-- Dependencies: 171
-- Data for Name: questionnaire_answers_12; Type: TABLE DATA; Schema: public; Owner: postgres
--

INSERT INTO questionnaire_answers_12 (id, q1, q10, q11, q12, q2, q3, q4_o1, q4_o2, q4_o3, q4_o4, q5, q6, q7_o1, q7_o2, q7_o3, q7_o4, q8, q9) VALUES (1, NULL, NULL, NULL, NULL, NULL, NULL, NULL, NULL, NULL, NULL, NULL, NULL, NULL, NULL, NULL, NULL, NULL, NULL);
INSERT INTO questionnaire_answers_12 (id, q1, q10, q11, q12, q2, q3, q4_o1, q4_o2, q4_o3, q4_o4, q5, q6, q7_o1, q7_o2, q7_o3, q7_o4, q8, q9) VALUES (2, NULL, NULL, NULL, NULL, NULL, NULL, NULL, NULL, NULL, NULL, NULL, NULL, NULL, NULL, NULL, NULL, NULL, NULL);
INSERT INTO questionnaire_answers_12 (id, q1, q10, q11, q12, q2, q3, q4_o1, q4_o2, q4_o3, q4_o4, q5, q6, q7_o1, q7_o2, q7_o3, q7_o4, q8, q9) VALUES (3, NULL, NULL, NULL, NULL, NULL, NULL, NULL, NULL, NULL, NULL, NULL, NULL, NULL, NULL, NULL, NULL, NULL, NULL);
INSERT INTO questionnaire_answers_12 (id, q1, q10, q11, q12, q2, q3, q4_o1, q4_o2, q4_o3, q4_o4, q5, q6, q7_o1, q7_o2, q7_o3, q7_o4, q8, q9) VALUES (4, NULL, NULL, NULL, NULL, NULL, NULL, NULL, NULL, NULL, NULL, NULL, NULL, NULL, NULL, NULL, NULL, NULL, NULL);


--
-- TOC entry 2272 (class 0 OID 118709)
-- Dependencies: 201
-- Data for Name: questionnaire_answers_121; Type: TABLE DATA; Schema: public; Owner: postgres
--



--
-- TOC entry 2273 (class 0 OID 118717)
-- Dependencies: 202
-- Data for Name: questionnaire_answers_215; Type: TABLE DATA; Schema: public; Owner: postgres
--

INSERT INTO questionnaire_answers_215 (id, q1, q10, q11, q12, q2, q3, q4_o1, q4_o2, q4_o3, q4_o4, q5, q6, q7_o1, q7_o2, q7_o3, q7_o4, q8, q9) VALUES (1, NULL, NULL, NULL, NULL, NULL, NULL, NULL, NULL, NULL, NULL, NULL, NULL, NULL, NULL, NULL, NULL, NULL, NULL);
INSERT INTO questionnaire_answers_215 (id, q1, q10, q11, q12, q2, q3, q4_o1, q4_o2, q4_o3, q4_o4, q5, q6, q7_o1, q7_o2, q7_o3, q7_o4, q8, q9) VALUES (2, NULL, NULL, NULL, NULL, NULL, NULL, NULL, NULL, NULL, NULL, NULL, NULL, NULL, NULL, NULL, NULL, NULL, NULL);
INSERT INTO questionnaire_answers_215 (id, q1, q10, q11, q12, q2, q3, q4_o1, q4_o2, q4_o3, q4_o4, q5, q6, q7_o1, q7_o2, q7_o3, q7_o4, q8, q9) VALUES (3, NULL, NULL, NULL, NULL, NULL, NULL, NULL, NULL, NULL, NULL, NULL, NULL, NULL, NULL, NULL, NULL, NULL, NULL);
INSERT INTO questionnaire_answers_215 (id, q1, q10, q11, q12, q2, q3, q4_o1, q4_o2, q4_o3, q4_o4, q5, q6, q7_o1, q7_o2, q7_o3, q7_o4, q8, q9) VALUES (4, NULL, NULL, NULL, NULL, NULL, NULL, NULL, NULL, NULL, NULL, NULL, NULL, NULL, NULL, NULL, NULL, NULL, NULL);


--
-- TOC entry 2274 (class 0 OID 118725)
-- Dependencies: 203
-- Data for Name: questionnaire_answers_324; Type: TABLE DATA; Schema: public; Owner: postgres
--

INSERT INTO questionnaire_answers_324 (id, q1, q10, q11, q12, q2, q3, q4_o1, q4_o2, q4_o3, q4_o4, q5, q6, q7_o1, q7_o2, q7_o3, q7_o4, q8, q9) VALUES (1, NULL, NULL, NULL, NULL, NULL, NULL, NULL, NULL, NULL, NULL, NULL, NULL, NULL, NULL, NULL, NULL, NULL, NULL);
INSERT INTO questionnaire_answers_324 (id, q1, q10, q11, q12, q2, q3, q4_o1, q4_o2, q4_o3, q4_o4, q5, q6, q7_o1, q7_o2, q7_o3, q7_o4, q8, q9) VALUES (2, NULL, NULL, NULL, NULL, NULL, NULL, NULL, NULL, NULL, NULL, NULL, NULL, NULL, NULL, NULL, NULL, NULL, NULL);
INSERT INTO questionnaire_answers_324 (id, q1, q10, q11, q12, q2, q3, q4_o1, q4_o2, q4_o3, q4_o4, q5, q6, q7_o1, q7_o2, q7_o3, q7_o4, q8, q9) VALUES (3, NULL, NULL, NULL, NULL, NULL, NULL, NULL, NULL, NULL, NULL, NULL, NULL, NULL, NULL, NULL, NULL, NULL, NULL);
INSERT INTO questionnaire_answers_324 (id, q1, q10, q11, q12, q2, q3, q4_o1, q4_o2, q4_o3, q4_o4, q5, q6, q7_o1, q7_o2, q7_o3, q7_o4, q8, q9) VALUES (4, NULL, NULL, NULL, NULL, NULL, NULL, NULL, NULL, NULL, NULL, NULL, NULL, NULL, NULL, NULL, NULL, NULL, NULL);


--
-- TOC entry 2275 (class 0 OID 118733)
-- Dependencies: 204
-- Data for Name: questionnaire_answers_433; Type: TABLE DATA; Schema: public; Owner: postgres
--

INSERT INTO questionnaire_answers_433 (id, q1, q10, q11, q12, q2, q3, q4_o1, q4_o2, q4_o3, q4_o4, q5, q6, q7_o1, q7_o2, q7_o3, q7_o4, q8, q9) VALUES (1, NULL, NULL, NULL, NULL, NULL, NULL, NULL, NULL, NULL, NULL, NULL, NULL, NULL, NULL, NULL, NULL, NULL, NULL);
INSERT INTO questionnaire_answers_433 (id, q1, q10, q11, q12, q2, q3, q4_o1, q4_o2, q4_o3, q4_o4, q5, q6, q7_o1, q7_o2, q7_o3, q7_o4, q8, q9) VALUES (2, NULL, NULL, NULL, NULL, NULL, NULL, NULL, NULL, NULL, NULL, NULL, NULL, NULL, NULL, NULL, NULL, NULL, NULL);
INSERT INTO questionnaire_answers_433 (id, q1, q10, q11, q12, q2, q3, q4_o1, q4_o2, q4_o3, q4_o4, q5, q6, q7_o1, q7_o2, q7_o3, q7_o4, q8, q9) VALUES (3, NULL, NULL, NULL, NULL, NULL, NULL, NULL, NULL, NULL, NULL, NULL, NULL, NULL, NULL, NULL, NULL, NULL, NULL);
INSERT INTO questionnaire_answers_433 (id, q1, q10, q11, q12, q2, q3, q4_o1, q4_o2, q4_o3, q4_o4, q5, q6, q7_o1, q7_o2, q7_o3, q7_o4, q8, q9) VALUES (4, NULL, NULL, NULL, NULL, NULL, NULL, NULL, NULL, NULL, NULL, NULL, NULL, NULL, NULL, NULL, NULL, NULL, NULL);


--
-- TOC entry 2276 (class 0 OID 118741)
-- Dependencies: 205
-- Data for Name: questionnaire_answers_542; Type: TABLE DATA; Schema: public; Owner: postgres
--



--
-- TOC entry 2262 (class 0 OID 118296)
-- Dependencies: 191
-- Data for Name: questionnaire_definition_permission; Type: TABLE DATA; Schema: public; Owner: postgres
--

INSERT INTO questionnaire_definition_permission (id, mask, role_id, user_id, target_id) VALUES (13, 3, NULL, 1, 12);
INSERT INTO questionnaire_definition_permission (id, mask, role_id, user_id, target_id) VALUES (122, 3, NULL, 1, 121);
INSERT INTO questionnaire_definition_permission (id, mask, role_id, user_id, target_id) VALUES (216, 3, NULL, 1, 215);
INSERT INTO questionnaire_definition_permission (id, mask, role_id, user_id, target_id) VALUES (325, 3, NULL, 1, 324);
INSERT INTO questionnaire_definition_permission (id, mask, role_id, user_id, target_id) VALUES (434, 3, NULL, 1, 433);
INSERT INTO questionnaire_definition_permission (id, mask, role_id, user_id, target_id) VALUES (543, 3, NULL, 1, 542);


--
-- TOC entry 2257 (class 0 OID 118259)
-- Dependencies: 186
-- Data for Name: questionnaire_definition_translation; Type: TABLE DATA; Schema: public; Owner: postgres
--

INSERT INTO questionnaire_definition_translation (id, language, description, end_text, title, welcome_text, questionnairedefinition_id) VALUES (14, 'ES', 'Cunto sabes sobre Europa? Contesta a estas preguntas y avergualo!', NULL, 'Test de conocimiento general sobre Europa', 'Gracias por participar en este cuestionario', 12);
INSERT INTO questionnaire_definition_translation (id, language, description, end_text, title, welcome_text, questionnairedefinition_id) VALUES (123, 'ES', 'Cunto sabes sobre Europa? Contesta a estas preguntas y avergualo!', NULL, 'Test de conocimiento general sobre Europa', 'Gracias por participar en este cuestionario', 121);
INSERT INTO questionnaire_definition_translation (id, language, description, end_text, title, welcome_text, questionnairedefinition_id) VALUES (217, 'ES', 'Cunto sabes sobre Europa? Contesta a estas preguntas y avergualo!', NULL, 'Test de conocimiento general sobre Europa', 'Gracias por participar en este cuestionario', 215);
INSERT INTO questionnaire_definition_translation (id, language, description, end_text, title, welcome_text, questionnairedefinition_id) VALUES (326, 'ES', 'Cunto sabes sobre Europa? Contesta a estas preguntas y avergualo!', NULL, 'Test de conocimiento general sobre Europa', 'Gracias por participar en este cuestionario', 324);
INSERT INTO questionnaire_definition_translation (id, language, description, end_text, title, welcome_text, questionnairedefinition_id) VALUES (435, 'ES', 'Cunto sabes sobre Europa? Contesta a estas preguntas y avergualo!', NULL, 'Test de conocimiento general sobre Europa', 'Gracias por participar en este cuestionario', 433);


--
-- TOC entry 2263 (class 0 OID 118301)
-- Dependencies: 192
-- Data for Name: questionnaire_permission; Type: TABLE DATA; Schema: public; Owner: postgres
--

INSERT INTO questionnaire_permission (id, mask, role_id, user_id, target_id) VALUES (107, 3, NULL, 6, 106);
INSERT INTO questionnaire_permission (id, mask, role_id, user_id, target_id) VALUES (110, 3, NULL, 4, 109);
INSERT INTO questionnaire_permission (id, mask, role_id, user_id, target_id) VALUES (113, 3, NULL, 10, 112);
INSERT INTO questionnaire_permission (id, mask, role_id, user_id, target_id) VALUES (116, 3, NULL, 8, 115);
INSERT INTO questionnaire_permission (id, mask, role_id, user_id, target_id) VALUES (310, 3, NULL, 6, 309);
INSERT INTO questionnaire_permission (id, mask, role_id, user_id, target_id) VALUES (313, 3, NULL, 4, 312);
INSERT INTO questionnaire_permission (id, mask, role_id, user_id, target_id) VALUES (316, 3, NULL, 10, 315);
INSERT INTO questionnaire_permission (id, mask, role_id, user_id, target_id) VALUES (319, 3, NULL, 8, 318);
INSERT INTO questionnaire_permission (id, mask, role_id, user_id, target_id) VALUES (419, 3, NULL, 6, 418);
INSERT INTO questionnaire_permission (id, mask, role_id, user_id, target_id) VALUES (422, 3, NULL, 4, 421);
INSERT INTO questionnaire_permission (id, mask, role_id, user_id, target_id) VALUES (425, 3, NULL, 10, 424);
INSERT INTO questionnaire_permission (id, mask, role_id, user_id, target_id) VALUES (428, 3, NULL, 8, 427);
INSERT INTO questionnaire_permission (id, mask, role_id, user_id, target_id) VALUES (528, 3, NULL, 6, 527);
INSERT INTO questionnaire_permission (id, mask, role_id, user_id, target_id) VALUES (531, 3, NULL, 4, 530);
INSERT INTO questionnaire_permission (id, mask, role_id, user_id, target_id) VALUES (534, 3, NULL, 10, 533);
INSERT INTO questionnaire_permission (id, mask, role_id, user_id, target_id) VALUES (537, 3, NULL, 8, 536);


--
-- TOC entry 2264 (class 0 OID 118306)
-- Dependencies: 193
-- Data for Name: research_permission; Type: TABLE DATA; Schema: public; Owner: postgres
--

INSERT INTO research_permission (id, mask, role_id, user_id, target_id) VALUES (105, 7, NULL, 1, 103);
INSERT INTO research_permission (id, mask, role_id, user_id, target_id) VALUES (120, 7, NULL, 1, 118);
INSERT INTO research_permission (id, mask, role_id, user_id, target_id) VALUES (214, 7, NULL, 1, 212);
INSERT INTO research_permission (id, mask, role_id, user_id, target_id) VALUES (308, 7, NULL, 1, 306);
INSERT INTO research_permission (id, mask, role_id, user_id, target_id) VALUES (323, 7, NULL, 1, 321);
INSERT INTO research_permission (id, mask, role_id, user_id, target_id) VALUES (417, 7, NULL, 1, 415);
INSERT INTO research_permission (id, mask, role_id, user_id, target_id) VALUES (432, 7, NULL, 1, 430);
INSERT INTO research_permission (id, mask, role_id, user_id, target_id) VALUES (526, 7, NULL, 1, 524);
INSERT INTO research_permission (id, mask, role_id, user_id, target_id) VALUES (541, 7, NULL, 1, 539);
INSERT INTO research_permission (id, mask, role_id, user_id, target_id) VALUES (579, 7, NULL, 1, 577);


--
-- TOC entry 2260 (class 0 OID 118283)
-- Dependencies: 189
-- Data for Name: section_translation; Type: TABLE DATA; Schema: public; Owner: postgres
--

INSERT INTO section_translation (id, language, description, title, section_id) VALUES (16, 'ES', NULL, 'Capitales Europeas', 15);
INSERT INTO section_translation (id, language, description, title, section_id) VALUES (18, 'ES', NULL, 'Unin Europea', 17);
INSERT INTO section_translation (id, language, description, title, section_id) VALUES (20, 'ES', NULL, 'Sociedad', 19);
INSERT INTO section_translation (id, language, description, title, section_id) VALUES (125, 'ES', NULL, 'Capitales Europeas', 124);
INSERT INTO section_translation (id, language, description, title, section_id) VALUES (127, 'ES', NULL, 'Unin Europea', 126);
INSERT INTO section_translation (id, language, description, title, section_id) VALUES (129, 'ES', NULL, 'Sociedad', 128);
INSERT INTO section_translation (id, language, description, title, section_id) VALUES (219, 'ES', NULL, 'Capitales Europeas', 218);
INSERT INTO section_translation (id, language, description, title, section_id) VALUES (221, 'ES', NULL, 'Unin Europea', 220);
INSERT INTO section_translation (id, language, description, title, section_id) VALUES (223, 'ES', NULL, 'Sociedad', 222);
INSERT INTO section_translation (id, language, description, title, section_id) VALUES (328, 'ES', NULL, 'Capitales Europeas', 327);
INSERT INTO section_translation (id, language, description, title, section_id) VALUES (330, 'ES', NULL, 'Unin Europea', 329);
INSERT INTO section_translation (id, language, description, title, section_id) VALUES (332, 'ES', NULL, 'Sociedad', 331);
INSERT INTO section_translation (id, language, description, title, section_id) VALUES (437, 'ES', NULL, 'Capitales Europeas', 436);
INSERT INTO section_translation (id, language, description, title, section_id) VALUES (439, 'ES', NULL, 'Unin Europea', 438);
INSERT INTO section_translation (id, language, description, title, section_id) VALUES (441, 'ES', NULL, 'Sociedad', 440);


--
-- TOC entry 2241 (class 0 OID 118136)
-- Dependencies: 170
-- Data for Name: sequence; Type: TABLE DATA; Schema: public; Owner: postgres
--

INSERT INTO sequence (seq_name, seq_count) VALUES ('questionnaire_answers_12_seq', 50);
INSERT INTO sequence (seq_name, seq_count) VALUES ('questionnaire_answers_121_seq', 0);
INSERT INTO sequence (seq_name, seq_count) VALUES ('questionnaire_answers_215_seq', 50);
INSERT INTO sequence (seq_name, seq_count) VALUES ('questionnaire_answers_324_seq', 50);
INSERT INTO sequence (seq_name, seq_count) VALUES ('questionnaire_answers_433_seq', 50);
INSERT INTO sequence (seq_name, seq_count) VALUES ('SEQ_GEN', 600);
INSERT INTO sequence (seq_name, seq_count) VALUES ('questionnaire_answers_542_seq', 0);


--
-- TOC entry 2270 (class 0 OID 118354)
-- Dependencies: 199
-- Data for Name: user_group; Type: TABLE DATA; Schema: public; Owner: postgres
--



--
-- TOC entry 2265 (class 0 OID 118311)
-- Dependencies: 194
-- Data for Name: user_permission; Type: TABLE DATA; Schema: public; Owner: postgres
--

INSERT INTO user_permission (id, mask, role_id, user_id, target_id) VALUES (2, 7, NULL, 1, 1);
INSERT INTO user_permission (id, mask, role_id, user_id, target_id) VALUES (5, 7, NULL, 1, 4);
INSERT INTO user_permission (id, mask, role_id, user_id, target_id) VALUES (7, 7, NULL, 1, 6);
INSERT INTO user_permission (id, mask, role_id, user_id, target_id) VALUES (9, 7, NULL, 1, 8);
INSERT INTO user_permission (id, mask, role_id, user_id, target_id) VALUES (11, 7, NULL, 1, 10);
