--
-- PostgreSQL database dump
--


--
-- TOC entry 2271 (class 0 OID 151513)
-- Dependencies: 193
-- Data for Name: directory; Type: TABLE DATA; Schema: public; Owner: postgres
--



--
-- TOC entry 2274 (class 0 OID 151537)
-- Dependencies: 196
-- Data for Name: users; Type: TABLE DATA; Schema: public; Owner: postgres
--

INSERT INTO users (id, api_key, attributes, created_date, email, gender, given_names, last_modified_date, password, preferred_language, secret, surname, username, version, createdby_id, directory_id, lastmodifiedby_id) VALUES (1, 'FM7XG6W2C4CET8H', NULL, '2014-10-29 09:56:54.476', 'support@gazpacho.net', NULL, 'support', '2014-10-29 09:56:54.476', '', NULL, '2J882Y9GJNNE4VWKK2R9NX7R4R2DYWTQ', 'support', 'support', 1, 1, NULL, 1);
INSERT INTO users (id, api_key, attributes, created_date, email, gender, given_names, last_modified_date, password, preferred_language, secret, surname, username, version, createdby_id, directory_id, lastmodifiedby_id) VALUES (4, 'QKBVH8Q6BAZGU5D', NULL, '2014-10-29 09:56:54.585', 'tyrion.lannister@kingslanding.net', 'M', 'Tyrion', '2014-10-29 09:56:54.585', '', NULL, 'QV5WKKTVQWAMR45KD2L53EBP3AWVEHAJ', 'Lannister', NULL, 1, 1, NULL, 1);
INSERT INTO users (id, api_key, attributes, created_date, email, gender, given_names, last_modified_date, password, preferred_language, secret, surname, username, version, createdby_id, directory_id, lastmodifiedby_id) VALUES (6, 'VQMVPFBKC6QP89G', NULL, '2014-10-29 09:56:54.601', 'jon.snow@nightswatch.net', 'M', 'Jon', '2014-10-29 09:56:54.601', '', 'ES', 'STBWTU6N3L37W8E5G5BJBGXVX7BUGMQF', 'Snow', NULL, 1, 1, NULL, 1);
INSERT INTO users (id, api_key, attributes, created_date, email, gender, given_names, last_modified_date, password, preferred_language, secret, surname, username, version, createdby_id, directory_id, lastmodifiedby_id) VALUES (8, 'TEQAMKVSWQLX4NE', NULL, '2014-10-29 09:56:54.632', 'arya.stark@winterfell.net', 'F', 'Arya', '2014-10-29 09:56:54.632', '', 'EN', 'UH76YMPUZERMDCX6J6SFVCR8GAJQ3DUP', 'Stark', NULL, 1, 1, NULL, 1);
INSERT INTO users (id, api_key, attributes, created_date, email, gender, given_names, last_modified_date, password, preferred_language, secret, surname, username, version, createdby_id, directory_id, lastmodifiedby_id) VALUES (10, 'GH35A7FJG6GB53W', NULL, '2014-10-29 09:56:54.663', 'catelyn.stark@winterfell.net', 'F', 'Catelyn', '2014-10-29 09:56:54.663', '', 'FI', 'A4MBKNSE8HZV4FVB49HQWP92RYS2JADN', 'Stark', NULL, 1, 1, NULL, 1);


--
-- TOC entry 2256 (class 0 OID 151408)
-- Dependencies: 178
-- Data for Name: questionnaire_definition; Type: TABLE DATA; Schema: public; Owner: postgres
--

INSERT INTO questionnaire_definition (id, created_date, language, last_modified_date, progress_visible, question_number_visible, questions_per_page, randomization_strategy, rendering_mode, section_info_visible, status, version, welcome_visible, description, end_text, title, welcome_text, createdby_id, lastmodifiedby_id) VALUES (12, '2014-10-29 09:56:54.757', 'EN', '2014-10-29 09:56:54.757', true, true, NULL, 'N', 'SBS', true, 'C', 2, true, 'How much do you know about Europe? Answer to this questions and let''s find out!', '', 'European general knowledge quiz', 'Thank you for taking the time to participate in this questionnaire.', 1, 1);
INSERT INTO questionnaire_definition (id, created_date, language, last_modified_date, progress_visible, question_number_visible, questions_per_page, randomization_strategy, rendering_mode, section_info_visible, status, version, welcome_visible, description, end_text, title, welcome_text, createdby_id, lastmodifiedby_id) VALUES (121, '2014-10-29 09:56:57.328', 'EN', '2014-10-29 09:56:57.328', true, true, NULL, 'N', 'AIO', true, 'C', 3, true, 'How much do you know about Europe? Answer to this questions and let''s find out!', '', 'European general knowledge quiz', 'Thank you for taking the time to participate in this questionnaire.', 1, 1);
INSERT INTO questionnaire_definition (id, created_date, language, last_modified_date, progress_visible, question_number_visible, questions_per_page, randomization_strategy, rendering_mode, section_info_visible, status, version, welcome_visible, description, end_text, title, welcome_text, createdby_id, lastmodifiedby_id) VALUES (215, '2014-10-29 09:56:59.586', 'EN', '2014-10-29 09:56:59.586', true, true, 1, 'Q', 'SBS', true, 'C', 3, true, 'How much do you know about Europe? Answer to this questions and let''s find out!', '', 'European general knowledge quiz', 'Thank you for taking the time to participate in this questionnaire.', 1, 1);
INSERT INTO questionnaire_definition (id, created_date, language, last_modified_date, progress_visible, question_number_visible, questions_per_page, randomization_strategy, rendering_mode, section_info_visible, status, version, welcome_visible, description, end_text, title, welcome_text, createdby_id, lastmodifiedby_id) VALUES (324, '2014-10-29 09:57:01.829', 'EN', '2014-10-29 09:57:01.829', true, true, NULL, 'S', 'SBS', true, 'C', 3, true, 'How much do you know about Europe? Answer to this questions and let''s find out!', '', 'European general knowledge quiz', 'Thank you for taking the time to participate in this questionnaire.', 1, 1);
INSERT INTO questionnaire_definition (id, created_date, language, last_modified_date, progress_visible, question_number_visible, questions_per_page, randomization_strategy, rendering_mode, section_info_visible, status, version, welcome_visible, description, end_text, title, welcome_text, createdby_id, lastmodifiedby_id) VALUES (433, '2014-10-29 09:57:03.678', 'EN', '2014-10-29 09:57:03.678', true, true, NULL, 'N', 'SBS', true, 'C', 2, true, 'How much do you know about Europe? Answer to this questions and let''s find out!', '', 'European general knowledge quiz', 'Thank you for taking the time to participate in this questionnaire.', 1, 1);
INSERT INTO questionnaire_definition (id, created_date, language, last_modified_date, progress_visible, question_number_visible, questions_per_page, randomization_strategy, rendering_mode, section_info_visible, status, version, welcome_visible, description, end_text, title, welcome_text, createdby_id, lastmodifiedby_id) VALUES (542, '2014-10-29 09:57:05.23', 'EN', '2014-10-29 09:57:05.23', true, true, NULL, 'N', 'SBS', true, 'C', 2, true, 'We at BIG DEES take pride in providing you with the highest standards of QUALITY, SERVICE, CLEANLINESS and VALUE in the restaurant industry.', '', 'Food Quality QuestionnaireDefinition', 'Your opinion is extremely important in evaluating our business. Thank you for taking a moment to questionOption the following questions:', 1, 1);
INSERT INTO questionnaire_definition (id, created_date, language, last_modified_date, progress_visible, question_number_visible, questions_per_page, randomization_strategy, rendering_mode, section_info_visible, status, version, welcome_visible, description, end_text, title, welcome_text, createdby_id, lastmodifiedby_id) VALUES (580, '2014-10-29 09:57:05.935', 'EN', '2014-10-29 09:57:05.935', true, true, NULL, 'N', 'SBS', true, 'C', 2, true, 'Gathering insight into Java performance world to improve our product offering.', '', 'Java Performance Tunning Survey', '<p>Each respondent will receive a subscription to use our performance monitoring solution and participates in a draw of 10 Amazon gift certificates worth $100 each. To top it off, we will also share the results of the survey with you.</p><p>Answering to the 10 questions will take less than 3 minutes of your time.</p>', 1, 1);


--
-- TOC entry 2259 (class 0 OID 151432)
-- Dependencies: 181
-- Data for Name: section; Type: TABLE DATA; Schema: public; Owner: postgres
--

INSERT INTO section (id, created_date, language, last_modified_date, randomization_enabled, relevance, version, description, title, createdby_id, lastmodifiedby_id, questionnairedefinition_id, order_in_questionnaire) VALUES (15, '2014-10-29 09:56:54.866', 'EN', '2014-10-29 09:56:54.866', false, '', 1, '', 'European Capitals', 1, 1, 12, 0);
INSERT INTO section (id, created_date, language, last_modified_date, randomization_enabled, relevance, version, description, title, createdby_id, lastmodifiedby_id, questionnairedefinition_id, order_in_questionnaire) VALUES (17, '2014-10-29 09:56:54.945', 'EN', '2014-10-29 09:56:54.945', false, '', 1, '', 'European Union', 1, 1, 12, 1);
INSERT INTO section (id, created_date, language, last_modified_date, randomization_enabled, relevance, version, description, title, createdby_id, lastmodifiedby_id, questionnairedefinition_id, order_in_questionnaire) VALUES (19, '2014-10-29 09:56:54.991', 'EN', '2014-10-29 09:56:54.991', false, '', 1, '', 'European History', 1, 1, 12, 2);
INSERT INTO section (id, created_date, language, last_modified_date, randomization_enabled, relevance, version, description, title, createdby_id, lastmodifiedby_id, questionnairedefinition_id, order_in_questionnaire) VALUES (124, '2014-10-29 09:56:57.375', 'EN', '2014-10-29 09:56:57.375', false, '', 1, '', 'European Capitals', 1, 1, 121, 0);
INSERT INTO section (id, created_date, language, last_modified_date, randomization_enabled, relevance, version, description, title, createdby_id, lastmodifiedby_id, questionnairedefinition_id, order_in_questionnaire) VALUES (126, '2014-10-29 09:56:57.422', 'EN', '2014-10-29 09:56:57.422', false, '', 1, '', 'European Union', 1, 1, 121, 1);
INSERT INTO section (id, created_date, language, last_modified_date, randomization_enabled, relevance, version, description, title, createdby_id, lastmodifiedby_id, questionnairedefinition_id, order_in_questionnaire) VALUES (128, '2014-10-29 09:56:57.469', 'EN', '2014-10-29 09:56:57.469', false, '', 1, '', 'European History', 1, 1, 121, 2);
INSERT INTO section (id, created_date, language, last_modified_date, randomization_enabled, relevance, version, description, title, createdby_id, lastmodifiedby_id, questionnairedefinition_id, order_in_questionnaire) VALUES (218, '2014-10-29 09:56:59.633', 'EN', '2014-10-29 09:56:59.633', false, '', 1, '', 'European Capitals', 1, 1, 215, 0);
INSERT INTO section (id, created_date, language, last_modified_date, randomization_enabled, relevance, version, description, title, createdby_id, lastmodifiedby_id, questionnairedefinition_id, order_in_questionnaire) VALUES (220, '2014-10-29 09:56:59.664', 'EN', '2014-10-29 09:56:59.664', false, '', 1, '', 'European Union', 1, 1, 215, 1);
INSERT INTO section (id, created_date, language, last_modified_date, randomization_enabled, relevance, version, description, title, createdby_id, lastmodifiedby_id, questionnairedefinition_id, order_in_questionnaire) VALUES (222, '2014-10-29 09:56:59.711', 'EN', '2014-10-29 09:56:59.711', false, '', 1, '', 'European History', 1, 1, 215, 2);
INSERT INTO section (id, created_date, language, last_modified_date, randomization_enabled, relevance, version, description, title, createdby_id, lastmodifiedby_id, questionnairedefinition_id, order_in_questionnaire) VALUES (327, '2014-10-29 09:57:01.876', 'EN', '2014-10-29 09:57:01.876', false, '', 1, '', 'European Capitals', 1, 1, 324, 0);
INSERT INTO section (id, created_date, language, last_modified_date, randomization_enabled, relevance, version, description, title, createdby_id, lastmodifiedby_id, questionnairedefinition_id, order_in_questionnaire) VALUES (329, '2014-10-29 09:57:01.907', 'EN', '2014-10-29 09:57:01.907', false, '', 1, '', 'European Union', 1, 1, 324, 1);
INSERT INTO section (id, created_date, language, last_modified_date, randomization_enabled, relevance, version, description, title, createdby_id, lastmodifiedby_id, questionnairedefinition_id, order_in_questionnaire) VALUES (331, '2014-10-29 09:57:01.938', 'EN', '2014-10-29 09:57:01.938', false, '', 1, '', 'European History', 1, 1, 324, 2);
INSERT INTO section (id, created_date, language, last_modified_date, randomization_enabled, relevance, version, description, title, createdby_id, lastmodifiedby_id, questionnairedefinition_id, order_in_questionnaire) VALUES (438, '2014-10-29 09:57:03.74', 'EN', '2014-10-29 09:57:03.74', false, '', 1, '', 'European Union', 1, 1, 433, 1);
INSERT INTO section (id, created_date, language, last_modified_date, randomization_enabled, relevance, version, description, title, createdby_id, lastmodifiedby_id, questionnairedefinition_id, order_in_questionnaire) VALUES (440, '2014-10-29 09:57:03.771', 'EN', '2014-10-29 09:57:03.771', false, '', 1, '', 'European History', 1, 1, 433, 2);
INSERT INTO section (id, created_date, language, last_modified_date, randomization_enabled, relevance, version, description, title, createdby_id, lastmodifiedby_id, questionnairedefinition_id, order_in_questionnaire) VALUES (436, '2014-10-29 09:57:03.709', 'EN', '2014-10-29 09:57:03.709', true, '', 2, '', 'European Capitals', 1, 1, 433, 0);
INSERT INTO section (id, created_date, language, last_modified_date, randomization_enabled, relevance, version, description, title, createdby_id, lastmodifiedby_id, questionnairedefinition_id, order_in_questionnaire) VALUES (544, '2014-10-29 09:57:05.263', 'EN', '2014-10-29 09:57:05.263', false, '', 1, '', 'Fast Food QuestionnaireDefinition - Section', 1, 1, 542, 0);
INSERT INTO section (id, created_date, language, last_modified_date, randomization_enabled, relevance, version, description, title, createdby_id, lastmodifiedby_id, questionnairedefinition_id, order_in_questionnaire) VALUES (581, '2014-10-29 09:57:05.935', 'EN', '2014-10-29 09:57:05.935', false, '', 1, '', 'Welcome to the survey', 1, 1, 580, 0);
INSERT INTO section (id, created_date, language, last_modified_date, randomization_enabled, relevance, version, description, title, createdby_id, lastmodifiedby_id, questionnairedefinition_id, order_in_questionnaire) VALUES (586, '2014-10-29 09:57:06.013', 'EN', '2014-10-29 09:57:06.013', false, '${q1==''yes''}', 1, '', 'In case you faced several performance issues during the past year, describe just one while answering the following questions.', 1, 1, 580, 1);
INSERT INTO section (id, created_date, language, last_modified_date, randomization_enabled, relevance, version, description, title, createdby_id, lastmodifiedby_id, questionnairedefinition_id, order_in_questionnaire) VALUES (587, '2014-10-29 09:57:06.044', 'EN', '2014-10-29 09:57:06.044', false, '${q1==''yes''}', 1, '', 'Tell us more about your performance issues', 1, 1, 580, 2);
INSERT INTO section (id, created_date, language, last_modified_date, randomization_enabled, relevance, version, description, title, createdby_id, lastmodifiedby_id, questionnairedefinition_id, order_in_questionnaire) VALUES (655, '2014-10-29 09:57:06.955', 'EN', '2014-10-29 09:57:06.955', false, '${q1==''no''}', 1, '', 'As you do not seem to have faced any performance issues with Java applications, the rest of the survey questions were not applicable. But we are still happy to offer you the possibility to get access to 3-months license and participate in Amazon gift card raffle.', 1, 1, 580, 3);
INSERT INTO section (id, created_date, language, last_modified_date, randomization_enabled, relevance, version, description, title, createdby_id, lastmodifiedby_id, questionnairedefinition_id, order_in_questionnaire) VALUES (656, '2014-10-29 09:57:07.08', 'EN', '2014-10-29 09:57:07.08', false, '', 1, 'This data will be used to contact the winners of the Amazon gift card raffle, hand out free licenses and publish the survey results.', 'To finish the survey and submit results, please complete all fields below:', 1, 1, 580, 4);


--
-- TOC entry 2254 (class 0 OID 151395)
-- Dependencies: 176
-- Data for Name: question; Type: TABLE DATA; Schema: public; Owner: postgres
--

INSERT INTO question (id, code, created_date, language, last_modified_date, other_allowed, relevance, required, type, version, explanation, title, createdby_id, lastmodifiedby_id, parent_id, section_id, order_in_subquestions, order_in_section) VALUES (21, 'Q1', '2014-10-29 09:56:55.07', 'EN', '2014-10-29 09:56:55.07', false, '', true, 'S', 1, '', 'What is the capital of Malta?', 1, 1, NULL, 15, NULL, 0);
INSERT INTO question (id, code, created_date, language, last_modified_date, other_allowed, relevance, required, type, version, explanation, title, createdby_id, lastmodifiedby_id, parent_id, section_id, order_in_subquestions, order_in_section) VALUES (23, 'Q2', '2014-10-29 09:56:55.148', 'EN', '2014-10-29 09:56:55.148', false, '', true, 'L', 1, '', 'Which the country has as capital Copenhague?', 1, 1, NULL, 15, NULL, 1);
INSERT INTO question (id, code, created_date, language, last_modified_date, other_allowed, relevance, required, type, version, explanation, title, createdby_id, lastmodifiedby_id, parent_id, section_id, order_in_subquestions, order_in_section) VALUES (33, 'Q3', '2014-10-29 09:56:55.309', 'EN', '2014-10-29 09:56:55.309', false, '', true, 'N', 1, '', 'How many European capitals were founded by Romans?', 1, 1, NULL, 15, NULL, 2);
INSERT INTO question (id, code, created_date, language, last_modified_date, other_allowed, relevance, required, type, version, explanation, title, createdby_id, lastmodifiedby_id, parent_id, section_id, order_in_subquestions, order_in_section) VALUES (35, 'Q4', '2014-10-29 09:56:55.387', 'EN', '2014-10-29 09:56:55.387', false, '', false, 'M', 1, '', 'Which ones of these European capital are near by a river? Choose all that apply.', 1, 1, NULL, 15, NULL, 3);
INSERT INTO question (id, code, created_date, language, last_modified_date, other_allowed, relevance, required, type, version, explanation, title, createdby_id, lastmodifiedby_id, parent_id, section_id, order_in_subquestions, order_in_section) VALUES (45, 'Q5', '2014-10-29 09:56:55.575', 'EN', '2014-10-29 09:56:55.575', false, '', true, 'S', 1, '', 'What does EU stand for??', 1, 1, NULL, 17, NULL, 0);
INSERT INTO question (id, code, created_date, language, last_modified_date, other_allowed, relevance, required, type, version, explanation, title, createdby_id, lastmodifiedby_id, parent_id, section_id, order_in_subquestions, order_in_section) VALUES (47, 'Q6', '2014-10-29 09:56:55.621', 'EN', '2014-10-29 09:56:55.621', false, '', true, 'L', 1, '', 'Where was the treaty signed that created the European economic community - forerunner of the EU?', 1, 1, NULL, 17, NULL, 1);
INSERT INTO question (id, code, created_date, language, last_modified_date, other_allowed, relevance, required, type, version, explanation, title, createdby_id, lastmodifiedby_id, parent_id, section_id, order_in_subquestions, order_in_section) VALUES (57, 'Q7', '2014-10-29 09:56:55.762', 'EN', '2014-10-29 09:56:55.762', false, '', false, 'M', 1, '', 'Which ones of these European countries belongs to Euro Zone? Choose all that apply.', 1, 1, NULL, 17, NULL, 2);
INSERT INTO question (id, code, created_date, language, last_modified_date, other_allowed, relevance, required, type, version, explanation, title, createdby_id, lastmodifiedby_id, parent_id, section_id, order_in_subquestions, order_in_section) VALUES (67, 'Q8', '2014-10-29 09:56:55.934', 'EN', '2014-10-29 09:56:55.934', false, '', true, 'N', 1, '', 'How many finnish marc do you need to get an euro?', 1, 1, NULL, 17, NULL, 3);
INSERT INTO question (id, code, created_date, language, last_modified_date, other_allowed, relevance, required, type, version, explanation, title, createdby_id, lastmodifiedby_id, parent_id, section_id, order_in_subquestions, order_in_section) VALUES (69, 'Q9', '2014-10-29 09:56:55.997', 'EN', '2014-10-29 09:56:55.997', false, '', true, 'L', 1, '', 'Where was Christopher columbus was born?', 1, 1, NULL, 19, NULL, 0);
INSERT INTO question (id, code, created_date, language, last_modified_date, other_allowed, relevance, required, type, version, explanation, title, createdby_id, lastmodifiedby_id, parent_id, section_id, order_in_subquestions, order_in_section) VALUES (79, 'Q10', '2014-10-29 09:56:56.122', 'EN', '2014-10-29 09:56:56.122', false, '', true, 'L', 1, '', 'What was the large Eurpean Empire in century 16th ?', 1, 1, NULL, 19, NULL, 1);
INSERT INTO question (id, code, created_date, language, last_modified_date, other_allowed, relevance, required, type, version, explanation, title, createdby_id, lastmodifiedby_id, parent_id, section_id, order_in_subquestions, order_in_section) VALUES (89, 'Q11', '2014-10-29 09:56:56.233', 'EN', '2014-10-29 09:56:56.233', false, '', true, 'S', 1, '', 'Which nationality has the first european that to get Congo?', 1, 1, NULL, 19, NULL, 2);
INSERT INTO question (id, code, created_date, language, last_modified_date, other_allowed, relevance, required, type, version, explanation, title, createdby_id, lastmodifiedby_id, parent_id, section_id, order_in_subquestions, order_in_section) VALUES (91, 'Q12', '2014-10-29 09:56:56.311', 'EN', '2014-10-29 09:56:56.311', false, '', true, 'L', 1, '', 'Which of the men caused more casualities in Europe?', 1, 1, NULL, 19, NULL, 3);
INSERT INTO question (id, code, created_date, language, last_modified_date, other_allowed, relevance, required, type, version, explanation, title, createdby_id, lastmodifiedby_id, parent_id, section_id, order_in_subquestions, order_in_section) VALUES (130, 'Q1', '2014-10-29 09:56:57.516', 'EN', '2014-10-29 09:56:57.516', false, '', true, 'S', 1, '', 'What is the capital of Malta?', 1, 1, NULL, 124, NULL, 0);
INSERT INTO question (id, code, created_date, language, last_modified_date, other_allowed, relevance, required, type, version, explanation, title, createdby_id, lastmodifiedby_id, parent_id, section_id, order_in_subquestions, order_in_section) VALUES (132, 'Q2', '2014-10-29 09:56:57.563', 'EN', '2014-10-29 09:56:57.563', false, '', true, 'L', 1, '', 'Which the country has as capital Copenhague?', 1, 1, NULL, 124, NULL, 1);
INSERT INTO question (id, code, created_date, language, last_modified_date, other_allowed, relevance, required, type, version, explanation, title, createdby_id, lastmodifiedby_id, parent_id, section_id, order_in_subquestions, order_in_section) VALUES (142, 'Q3', '2014-10-29 09:56:57.672', 'EN', '2014-10-29 09:56:57.672', false, '', true, 'N', 1, '', 'How many European capitals were founded by Romans?', 1, 1, NULL, 124, NULL, 2);
INSERT INTO question (id, code, created_date, language, last_modified_date, other_allowed, relevance, required, type, version, explanation, title, createdby_id, lastmodifiedby_id, parent_id, section_id, order_in_subquestions, order_in_section) VALUES (144, 'Q4', '2014-10-29 09:56:57.735', 'EN', '2014-10-29 09:56:57.735', false, '', false, 'M', 1, '', 'Which ones of these European capital are near by a river? Choose all that apply.', 1, 1, NULL, 124, NULL, 3);
INSERT INTO question (id, code, created_date, language, last_modified_date, other_allowed, relevance, required, type, version, explanation, title, createdby_id, lastmodifiedby_id, parent_id, section_id, order_in_subquestions, order_in_section) VALUES (154, 'Q5', '2014-10-29 09:56:57.875', 'EN', '2014-10-29 09:56:57.875', false, '', true, 'S', 1, '', 'What does EU stand for??', 1, 1, NULL, 126, NULL, 0);
INSERT INTO question (id, code, created_date, language, last_modified_date, other_allowed, relevance, required, type, version, explanation, title, createdby_id, lastmodifiedby_id, parent_id, section_id, order_in_subquestions, order_in_section) VALUES (156, 'Q6', '2014-10-29 09:56:57.906', 'EN', '2014-10-29 09:56:57.906', false, '', true, 'L', 1, '', 'Where was the treaty signed that created the European economic community - forerunner of the EU?', 1, 1, NULL, 126, NULL, 1);
INSERT INTO question (id, code, created_date, language, last_modified_date, other_allowed, relevance, required, type, version, explanation, title, createdby_id, lastmodifiedby_id, parent_id, section_id, order_in_subquestions, order_in_section) VALUES (166, 'Q7', '2014-10-29 09:56:58.031', 'EN', '2014-10-29 09:56:58.031', false, '', false, 'M', 1, '', 'Which ones of these European countries belongs to Euro Zone? Choose all that apply.', 1, 1, NULL, 126, NULL, 2);
INSERT INTO question (id, code, created_date, language, last_modified_date, other_allowed, relevance, required, type, version, explanation, title, createdby_id, lastmodifiedby_id, parent_id, section_id, order_in_subquestions, order_in_section) VALUES (176, 'Q8', '2014-10-29 09:56:58.156', 'EN', '2014-10-29 09:56:58.156', false, '', true, 'N', 1, '', 'How many finnish marc do you need to get an euro?', 1, 1, NULL, 126, NULL, 3);
INSERT INTO question (id, code, created_date, language, last_modified_date, other_allowed, relevance, required, type, version, explanation, title, createdby_id, lastmodifiedby_id, parent_id, section_id, order_in_subquestions, order_in_section) VALUES (178, 'Q9', '2014-10-29 09:56:58.223', 'EN', '2014-10-29 09:56:58.223', false, '', true, 'L', 1, '', 'Where was Christopher columbus was born?', 1, 1, NULL, 128, NULL, 0);
INSERT INTO question (id, code, created_date, language, last_modified_date, other_allowed, relevance, required, type, version, explanation, title, createdby_id, lastmodifiedby_id, parent_id, section_id, order_in_subquestions, order_in_section) VALUES (188, 'Q10', '2014-10-29 09:56:58.332', 'EN', '2014-10-29 09:56:58.332', false, '', true, 'L', 1, '', 'What was the large Eurpean Empire in century 16th ?', 1, 1, NULL, 128, NULL, 1);
INSERT INTO question (id, code, created_date, language, last_modified_date, other_allowed, relevance, required, type, version, explanation, title, createdby_id, lastmodifiedby_id, parent_id, section_id, order_in_subquestions, order_in_section) VALUES (198, 'Q11', '2014-10-29 09:56:58.567', 'EN', '2014-10-29 09:56:58.567', false, '', true, 'S', 1, '', 'Which nationality has the first european that to get Congo?', 1, 1, NULL, 128, NULL, 2);
INSERT INTO question (id, code, created_date, language, last_modified_date, other_allowed, relevance, required, type, version, explanation, title, createdby_id, lastmodifiedby_id, parent_id, section_id, order_in_subquestions, order_in_section) VALUES (200, 'Q12', '2014-10-29 09:56:58.629', 'EN', '2014-10-29 09:56:58.629', false, '', true, 'L', 1, '', 'Which of the men caused more casualities in Europe?', 1, 1, NULL, 128, NULL, 3);
INSERT INTO question (id, code, created_date, language, last_modified_date, other_allowed, relevance, required, type, version, explanation, title, createdby_id, lastmodifiedby_id, parent_id, section_id, order_in_subquestions, order_in_section) VALUES (224, 'Q1', '2014-10-29 09:56:59.758', 'EN', '2014-10-29 09:56:59.758', false, '', true, 'S', 1, '', 'What is the capital of Malta?', 1, 1, NULL, 218, NULL, 0);
INSERT INTO question (id, code, created_date, language, last_modified_date, other_allowed, relevance, required, type, version, explanation, title, createdby_id, lastmodifiedby_id, parent_id, section_id, order_in_subquestions, order_in_section) VALUES (226, 'Q2', '2014-10-29 09:56:59.852', 'EN', '2014-10-29 09:56:59.852', false, '', true, 'L', 1, '', 'Which the country has as capital Copenhague?', 1, 1, NULL, 218, NULL, 1);
INSERT INTO question (id, code, created_date, language, last_modified_date, other_allowed, relevance, required, type, version, explanation, title, createdby_id, lastmodifiedby_id, parent_id, section_id, order_in_subquestions, order_in_section) VALUES (236, 'Q3', '2014-10-29 09:56:59.961', 'EN', '2014-10-29 09:56:59.961', false, '', true, 'N', 1, '', 'How many European capitals were founded by Romans?', 1, 1, NULL, 218, NULL, 2);
INSERT INTO question (id, code, created_date, language, last_modified_date, other_allowed, relevance, required, type, version, explanation, title, createdby_id, lastmodifiedby_id, parent_id, section_id, order_in_subquestions, order_in_section) VALUES (238, 'Q4', '2014-10-29 09:57:00.024', 'EN', '2014-10-29 09:57:00.024', false, '', false, 'M', 1, '', 'Which ones of these European capital are near by a river? Choose all that apply.', 1, 1, NULL, 218, NULL, 3);
INSERT INTO question (id, code, created_date, language, last_modified_date, other_allowed, relevance, required, type, version, explanation, title, createdby_id, lastmodifiedby_id, parent_id, section_id, order_in_subquestions, order_in_section) VALUES (248, 'Q5', '2014-10-29 09:57:00.164', 'EN', '2014-10-29 09:57:00.164', false, '', true, 'S', 1, '', 'What does EU stand for??', 1, 1, NULL, 220, NULL, 0);
INSERT INTO question (id, code, created_date, language, last_modified_date, other_allowed, relevance, required, type, version, explanation, title, createdby_id, lastmodifiedby_id, parent_id, section_id, order_in_subquestions, order_in_section) VALUES (250, 'Q6', '2014-10-29 09:57:00.196', 'EN', '2014-10-29 09:57:00.196', false, '', true, 'L', 1, '', 'Where was the treaty signed that created the European economic community - forerunner of the EU?', 1, 1, NULL, 220, NULL, 1);
INSERT INTO question (id, code, created_date, language, last_modified_date, other_allowed, relevance, required, type, version, explanation, title, createdby_id, lastmodifiedby_id, parent_id, section_id, order_in_subquestions, order_in_section) VALUES (260, 'Q7', '2014-10-29 09:57:00.356', 'EN', '2014-10-29 09:57:00.356', false, '', false, 'M', 1, '', 'Which ones of these European countries belongs to Euro Zone? Choose all that apply.', 1, 1, NULL, 220, NULL, 2);
INSERT INTO question (id, code, created_date, language, last_modified_date, other_allowed, relevance, required, type, version, explanation, title, createdby_id, lastmodifiedby_id, parent_id, section_id, order_in_subquestions, order_in_section) VALUES (270, 'Q8', '2014-10-29 09:57:00.481', 'EN', '2014-10-29 09:57:00.481', false, '', true, 'N', 1, '', 'How many finnish marc do you need to get an euro?', 1, 1, NULL, 220, NULL, 3);
INSERT INTO question (id, code, created_date, language, last_modified_date, other_allowed, relevance, required, type, version, explanation, title, createdby_id, lastmodifiedby_id, parent_id, section_id, order_in_subquestions, order_in_section) VALUES (272, 'Q9', '2014-10-29 09:57:00.543', 'EN', '2014-10-29 09:57:00.543', false, '', true, 'L', 1, '', 'Where was Christopher columbus was born?', 1, 1, NULL, 222, NULL, 0);
INSERT INTO question (id, code, created_date, language, last_modified_date, other_allowed, relevance, required, type, version, explanation, title, createdby_id, lastmodifiedby_id, parent_id, section_id, order_in_subquestions, order_in_section) VALUES (282, 'Q10', '2014-10-29 09:57:00.653', 'EN', '2014-10-29 09:57:00.653', false, '', true, 'L', 1, '', 'What was the large Eurpean Empire in century 16th ?', 1, 1, NULL, 222, NULL, 1);
INSERT INTO question (id, code, created_date, language, last_modified_date, other_allowed, relevance, required, type, version, explanation, title, createdby_id, lastmodifiedby_id, parent_id, section_id, order_in_subquestions, order_in_section) VALUES (292, 'Q11', '2014-10-29 09:57:00.762', 'EN', '2014-10-29 09:57:00.762', false, '', true, 'S', 1, '', 'Which nationality has the first european that to get Congo?', 1, 1, NULL, 222, NULL, 2);
INSERT INTO question (id, code, created_date, language, last_modified_date, other_allowed, relevance, required, type, version, explanation, title, createdby_id, lastmodifiedby_id, parent_id, section_id, order_in_subquestions, order_in_section) VALUES (294, 'Q12', '2014-10-29 09:57:00.825', 'EN', '2014-10-29 09:57:00.825', false, '', true, 'L', 1, '', 'Which of the men caused more casualities in Europe?', 1, 1, NULL, 222, NULL, 3);
INSERT INTO question (id, code, created_date, language, last_modified_date, other_allowed, relevance, required, type, version, explanation, title, createdby_id, lastmodifiedby_id, parent_id, section_id, order_in_subquestions, order_in_section) VALUES (333, 'Q1', '2014-10-29 09:57:01.97', 'EN', '2014-10-29 09:57:01.97', false, '', true, 'S', 1, '', 'What is the capital of Malta?', 1, 1, NULL, 327, NULL, 0);
INSERT INTO question (id, code, created_date, language, last_modified_date, other_allowed, relevance, required, type, version, explanation, title, createdby_id, lastmodifiedby_id, parent_id, section_id, order_in_subquestions, order_in_section) VALUES (335, 'Q2', '2014-10-29 09:57:02.173', 'EN', '2014-10-29 09:57:02.173', false, '', true, 'L', 1, '', 'Which the country has as capital Copenhague?', 1, 1, NULL, 327, NULL, 1);
INSERT INTO question (id, code, created_date, language, last_modified_date, other_allowed, relevance, required, type, version, explanation, title, createdby_id, lastmodifiedby_id, parent_id, section_id, order_in_subquestions, order_in_section) VALUES (345, 'Q3', '2014-10-29 09:57:02.253', 'EN', '2014-10-29 09:57:02.253', false, '', true, 'N', 1, '', 'How many European capitals were founded by Romans?', 1, 1, NULL, 327, NULL, 2);
INSERT INTO question (id, code, created_date, language, last_modified_date, other_allowed, relevance, required, type, version, explanation, title, createdby_id, lastmodifiedby_id, parent_id, section_id, order_in_subquestions, order_in_section) VALUES (347, 'Q4', '2014-10-29 09:57:02.284', 'EN', '2014-10-29 09:57:02.284', false, '', false, 'M', 1, '', 'Which ones of these European capital are near by a river? Choose all that apply.', 1, 1, NULL, 327, NULL, 3);
INSERT INTO question (id, code, created_date, language, last_modified_date, other_allowed, relevance, required, type, version, explanation, title, createdby_id, lastmodifiedby_id, parent_id, section_id, order_in_subquestions, order_in_section) VALUES (357, 'Q5', '2014-10-29 09:57:02.394', 'EN', '2014-10-29 09:57:02.394', false, '', true, 'S', 1, '', 'What does EU stand for??', 1, 1, NULL, 329, NULL, 0);
INSERT INTO question (id, code, created_date, language, last_modified_date, other_allowed, relevance, required, type, version, explanation, title, createdby_id, lastmodifiedby_id, parent_id, section_id, order_in_subquestions, order_in_section) VALUES (359, 'Q6', '2014-10-29 09:57:02.425', 'EN', '2014-10-29 09:57:02.425', false, '', true, 'L', 1, '', 'Where was the treaty signed that created the European economic community - forerunner of the EU?', 1, 1, NULL, 329, NULL, 1);
INSERT INTO question (id, code, created_date, language, last_modified_date, other_allowed, relevance, required, type, version, explanation, title, createdby_id, lastmodifiedby_id, parent_id, section_id, order_in_subquestions, order_in_section) VALUES (369, 'Q7', '2014-10-29 09:57:02.503', 'EN', '2014-10-29 09:57:02.503', false, '', false, 'M', 1, '', 'Which ones of these European countries belongs to Euro Zone? Choose all that apply.', 1, 1, NULL, 329, NULL, 2);
INSERT INTO question (id, code, created_date, language, last_modified_date, other_allowed, relevance, required, type, version, explanation, title, createdby_id, lastmodifiedby_id, parent_id, section_id, order_in_subquestions, order_in_section) VALUES (379, 'Q8', '2014-10-29 09:57:02.612', 'EN', '2014-10-29 09:57:02.612', false, '', true, 'N', 1, '', 'How many finnish marc do you need to get an euro?', 1, 1, NULL, 329, NULL, 3);
INSERT INTO question (id, code, created_date, language, last_modified_date, other_allowed, relevance, required, type, version, explanation, title, createdby_id, lastmodifiedby_id, parent_id, section_id, order_in_subquestions, order_in_section) VALUES (381, 'Q9', '2014-10-29 09:57:02.659', 'EN', '2014-10-29 09:57:02.659', false, '', true, 'L', 1, '', 'Where was Christopher columbus was born?', 1, 1, NULL, 331, NULL, 0);
INSERT INTO question (id, code, created_date, language, last_modified_date, other_allowed, relevance, required, type, version, explanation, title, createdby_id, lastmodifiedby_id, parent_id, section_id, order_in_subquestions, order_in_section) VALUES (391, 'Q10', '2014-10-29 09:57:02.737', 'EN', '2014-10-29 09:57:02.737', false, '', true, 'L', 1, '', 'What was the large Eurpean Empire in century 16th ?', 1, 1, NULL, 331, NULL, 1);
INSERT INTO question (id, code, created_date, language, last_modified_date, other_allowed, relevance, required, type, version, explanation, title, createdby_id, lastmodifiedby_id, parent_id, section_id, order_in_subquestions, order_in_section) VALUES (401, 'Q11', '2014-10-29 09:57:02.831', 'EN', '2014-10-29 09:57:02.831', false, '', true, 'S', 1, '', 'Which nationality has the first european that to get Congo?', 1, 1, NULL, 331, NULL, 2);
INSERT INTO question (id, code, created_date, language, last_modified_date, other_allowed, relevance, required, type, version, explanation, title, createdby_id, lastmodifiedby_id, parent_id, section_id, order_in_subquestions, order_in_section) VALUES (403, 'Q12', '2014-10-29 09:57:02.878', 'EN', '2014-10-29 09:57:02.878', false, '', true, 'L', 1, '', 'Which of the men caused more casualities in Europe?', 1, 1, NULL, 331, NULL, 3);
INSERT INTO question (id, code, created_date, language, last_modified_date, other_allowed, relevance, required, type, version, explanation, title, createdby_id, lastmodifiedby_id, parent_id, section_id, order_in_subquestions, order_in_section) VALUES (442, 'Q1', '2014-10-29 09:57:03.803', 'EN', '2014-10-29 09:57:03.803', false, '', true, 'S', 1, '', 'What is the capital of Malta?', 1, 1, NULL, 436, NULL, 0);
INSERT INTO question (id, code, created_date, language, last_modified_date, other_allowed, relevance, required, type, version, explanation, title, createdby_id, lastmodifiedby_id, parent_id, section_id, order_in_subquestions, order_in_section) VALUES (444, 'Q2', '2014-10-29 09:57:03.834', 'EN', '2014-10-29 09:57:03.834', false, '', true, 'L', 1, '', 'Which the country has as capital Copenhague?', 1, 1, NULL, 436, NULL, 1);
INSERT INTO question (id, code, created_date, language, last_modified_date, other_allowed, relevance, required, type, version, explanation, title, createdby_id, lastmodifiedby_id, parent_id, section_id, order_in_subquestions, order_in_section) VALUES (454, 'Q3', '2014-10-29 09:57:03.928', 'EN', '2014-10-29 09:57:03.928', false, '', true, 'N', 1, '', 'How many European capitals were founded by Romans?', 1, 1, NULL, 436, NULL, 2);
INSERT INTO question (id, code, created_date, language, last_modified_date, other_allowed, relevance, required, type, version, explanation, title, createdby_id, lastmodifiedby_id, parent_id, section_id, order_in_subquestions, order_in_section) VALUES (468, 'Q6', '2014-10-29 09:57:04.1', 'EN', '2014-10-29 09:57:04.1', false, '', true, 'L', 1, '', 'Where was the treaty signed that created the European economic community - forerunner of the EU?', 1, 1, NULL, 438, NULL, 1);
INSERT INTO question (id, code, created_date, language, last_modified_date, other_allowed, relevance, required, type, version, explanation, title, createdby_id, lastmodifiedby_id, parent_id, section_id, order_in_subquestions, order_in_section) VALUES (510, 'Q11', '2014-10-29 09:57:04.495', 'EN', '2014-10-29 09:57:04.495', false, '', true, 'S', 1, '', 'Which nationality has the first european that to get Congo?', 1, 1, NULL, 440, NULL, 2);
INSERT INTO question (id, code, created_date, language, last_modified_date, other_allowed, relevance, required, type, version, explanation, title, createdby_id, lastmodifiedby_id, parent_id, section_id, order_in_subquestions, order_in_section) VALUES (545, 'Q1', '2014-10-29 09:57:05.294', 'EN', '2014-10-29 09:57:05.294', false, '', true, 'F', 1, '', '<b>Food Quality</b>', 1, 1, NULL, 544, NULL, 0);
INSERT INTO question (id, code, created_date, language, last_modified_date, other_allowed, relevance, required, type, version, explanation, title, createdby_id, lastmodifiedby_id, parent_id, section_id, order_in_subquestions, order_in_section) VALUES (552, 'Q1.1', '2014-10-29 09:57:05.31', 'EN', '2014-10-29 09:57:05.31', false, '', false, 'L', 1, '', 'The food is served hot and fresh', 1, 1, 545, NULL, 0, NULL);
INSERT INTO question (id, code, created_date, language, last_modified_date, other_allowed, relevance, required, type, version, explanation, title, createdby_id, lastmodifiedby_id, parent_id, section_id, order_in_subquestions, order_in_section) VALUES (553, 'Q1.2', '2014-10-29 09:57:05.31', 'EN', '2014-10-29 09:57:05.31', false, '', false, 'L', 1, '', 'The menu has a good variety of items', 1, 1, 545, NULL, 1, NULL);
INSERT INTO question (id, code, created_date, language, last_modified_date, other_allowed, relevance, required, type, version, explanation, title, createdby_id, lastmodifiedby_id, parent_id, section_id, order_in_subquestions, order_in_section) VALUES (554, 'Q1.3', '2014-10-29 09:57:05.31', 'EN', '2014-10-29 09:57:05.31', false, '', false, 'L', 1, '', 'The quality of food is excellent', 1, 1, 545, NULL, 2, NULL);
INSERT INTO question (id, code, created_date, language, last_modified_date, other_allowed, relevance, required, type, version, explanation, title, createdby_id, lastmodifiedby_id, parent_id, section_id, order_in_subquestions, order_in_section) VALUES (555, 'Q1.4', '2014-10-29 09:57:05.31', 'EN', '2014-10-29 09:57:05.31', false, '', false, 'L', 1, '', 'The food is tasty and flavorful', 1, 1, 545, NULL, 3, NULL);
INSERT INTO question (id, code, created_date, language, last_modified_date, other_allowed, relevance, required, type, version, explanation, title, createdby_id, lastmodifiedby_id, parent_id, section_id, order_in_subquestions, order_in_section) VALUES (601, 'Q5', '2014-10-29 09:57:06.232', 'EN', '2014-10-29 09:57:06.232', true, '', false, 'M', 1, '', 'Which monitoring software were you using to monitor Java application in production?', 1, 1, NULL, 587, NULL, 3);
INSERT INTO question (id, code, created_date, language, last_modified_date, other_allowed, relevance, required, type, version, explanation, title, createdby_id, lastmodifiedby_id, parent_id, section_id, order_in_subquestions, order_in_section) VALUES (648, 'Q9', '2014-10-29 09:57:06.737', 'EN', '2014-10-29 09:57:06.737', false, '', false, 'L', 1, '', 'How long did it take you to detect and fix the root cause of the performance issue ? ', 1, 1, NULL, 587, NULL, 7);
INSERT INTO question (id, code, created_date, language, last_modified_date, other_allowed, relevance, required, type, version, explanation, title, createdby_id, lastmodifiedby_id, parent_id, section_id, order_in_subquestions, order_in_section) VALUES (456, 'Q4', '2014-10-29 09:57:03.975', 'EN', '2014-10-29 09:57:03.975', false, '', false, 'M', 1, '', 'Which ones of these European capital are near by a river? Choose all that apply.', 1, 1, NULL, 436, NULL, 3);
INSERT INTO question (id, code, created_date, language, last_modified_date, other_allowed, relevance, required, type, version, explanation, title, createdby_id, lastmodifiedby_id, parent_id, section_id, order_in_subquestions, order_in_section) VALUES (466, 'Q5', '2014-10-29 09:57:04.068', 'EN', '2014-10-29 09:57:04.068', false, '', true, 'S', 1, '', 'What does EU stand for??', 1, 1, NULL, 438, NULL, 0);
INSERT INTO question (id, code, created_date, language, last_modified_date, other_allowed, relevance, required, type, version, explanation, title, createdby_id, lastmodifiedby_id, parent_id, section_id, order_in_subquestions, order_in_section) VALUES (478, 'Q7', '2014-10-29 09:57:04.178', 'EN', '2014-10-29 09:57:04.178', false, '', false, 'M', 1, '', 'Which ones of these European countries belongs to Euro Zone? Choose all that apply.', 1, 1, NULL, 438, NULL, 2);
INSERT INTO question (id, code, created_date, language, last_modified_date, other_allowed, relevance, required, type, version, explanation, title, createdby_id, lastmodifiedby_id, parent_id, section_id, order_in_subquestions, order_in_section) VALUES (488, 'Q8', '2014-10-29 09:57:04.276', 'EN', '2014-10-29 09:57:04.276', false, '', true, 'N', 1, '', 'How many finnish marc do you need to get an euro?', 1, 1, NULL, 438, NULL, 3);
INSERT INTO question (id, code, created_date, language, last_modified_date, other_allowed, relevance, required, type, version, explanation, title, createdby_id, lastmodifiedby_id, parent_id, section_id, order_in_subquestions, order_in_section) VALUES (490, 'Q9', '2014-10-29 09:57:04.323', 'EN', '2014-10-29 09:57:04.323', false, '', true, 'L', 1, '', 'Where was Christopher columbus was born?', 1, 1, NULL, 440, NULL, 0);
INSERT INTO question (id, code, created_date, language, last_modified_date, other_allowed, relevance, required, type, version, explanation, title, createdby_id, lastmodifiedby_id, parent_id, section_id, order_in_subquestions, order_in_section) VALUES (512, 'Q12', '2014-10-29 09:57:04.542', 'EN', '2014-10-29 09:57:04.542', false, '', true, 'L', 1, '', 'Which of the men caused more casualities in Europe?', 1, 1, NULL, 440, NULL, 3);
INSERT INTO question (id, code, created_date, language, last_modified_date, other_allowed, relevance, required, type, version, explanation, title, createdby_id, lastmodifiedby_id, parent_id, section_id, order_in_subquestions, order_in_section) VALUES (593, 'Q3', '2014-10-29 09:57:06.122', 'EN', '2014-10-29 09:57:06.122', true, '', false, 'M', 1, '', 'How did you find out that your Java application is facing the issue?', 1, 1, NULL, 587, NULL, 1);
INSERT INTO question (id, code, created_date, language, last_modified_date, other_allowed, relevance, required, type, version, explanation, title, createdby_id, lastmodifiedby_id, parent_id, section_id, order_in_subquestions, order_in_section) VALUES (658, 'Q12', '2014-10-29 09:57:07.205', 'EN', '2014-10-29 09:57:07.205', false, '', true, 'S', 1, '', 'Company', 1, 1, NULL, 656, NULL, 1);
INSERT INTO question (id, code, created_date, language, last_modified_date, other_allowed, relevance, required, type, version, explanation, title, createdby_id, lastmodifiedby_id, parent_id, section_id, order_in_subquestions, order_in_section) VALUES (500, 'Q10', '2014-10-29 09:57:04.401', 'EN', '2014-10-29 09:57:04.401', false, '', true, 'L', 1, '', 'What was the large Eurpean Empire in century 16th ?', 1, 1, NULL, 440, NULL, 1);
INSERT INTO question (id, code, created_date, language, last_modified_date, other_allowed, relevance, required, type, version, explanation, title, createdby_id, lastmodifiedby_id, parent_id, section_id, order_in_subquestions, order_in_section) VALUES (617, 'Q6', '2014-10-29 09:57:06.362', 'EN', '2014-10-29 09:57:06.362', true, '', false, 'M', 1, '', 'After understanding that your Java application has a performance issue, what tools / sources did you use to locate the root cause?', 1, 1, NULL, 587, NULL, 4);
INSERT INTO question (id, code, created_date, language, last_modified_date, other_allowed, relevance, required, type, version, explanation, title, createdby_id, lastmodifiedby_id, parent_id, section_id, order_in_subquestions, order_in_section) VALUES (633, 'Q8', '2014-10-29 09:57:06.58', 'EN', '2014-10-29 09:57:06.58', true, '', false, 'M', 1, '', 'What was the root cause for the performance issue?', 1, 1, NULL, 587, NULL, 6);
INSERT INTO question (id, code, created_date, language, last_modified_date, other_allowed, relevance, required, type, version, explanation, title, createdby_id, lastmodifiedby_id, parent_id, section_id, order_in_subquestions, order_in_section) VALUES (556, 'Q2', '2014-10-29 09:57:05.388', 'EN', '2014-10-29 09:57:05.388', false, '', true, 'F', 1, '', '<b>Resturant</b>', 1, 1, NULL, 544, NULL, 1);
INSERT INTO question (id, code, created_date, language, last_modified_date, other_allowed, relevance, required, type, version, explanation, title, createdby_id, lastmodifiedby_id, parent_id, section_id, order_in_subquestions, order_in_section) VALUES (563, 'Q2.1', '2014-10-29 09:57:05.404', 'EN', '2014-10-29 09:57:05.404', false, '', false, 'L', 1, '', 'My food order was correct and complete', 1, 1, 556, NULL, 0, NULL);
INSERT INTO question (id, code, created_date, language, last_modified_date, other_allowed, relevance, required, type, version, explanation, title, createdby_id, lastmodifiedby_id, parent_id, section_id, order_in_subquestions, order_in_section) VALUES (564, 'Q2.2', '2014-10-29 09:57:05.404', 'EN', '2014-10-29 09:57:05.404', false, '', false, 'L', 1, '', 'Employees are patient when taking my order', 1, 1, 556, NULL, 1, NULL);
INSERT INTO question (id, code, created_date, language, last_modified_date, other_allowed, relevance, required, type, version, explanation, title, createdby_id, lastmodifiedby_id, parent_id, section_id, order_in_subquestions, order_in_section) VALUES (565, 'Q2.3', '2014-10-29 09:57:05.404', 'EN', '2014-10-29 09:57:05.404', false, '', false, 'L', 1, '', 'I was served promptly', 1, 1, 556, NULL, 2, NULL);
INSERT INTO question (id, code, created_date, language, last_modified_date, other_allowed, relevance, required, type, version, explanation, title, createdby_id, lastmodifiedby_id, parent_id, section_id, order_in_subquestions, order_in_section) VALUES (566, 'Q2.4', '2014-10-29 09:57:05.404', 'EN', '2014-10-29 09:57:05.404', false, '', false, 'L', 1, '', 'Availability of sauces, utensils, napkins, etc. was good', 1, 1, 556, NULL, 3, NULL);
INSERT INTO question (id, code, created_date, language, last_modified_date, other_allowed, relevance, required, type, version, explanation, title, createdby_id, lastmodifiedby_id, parent_id, section_id, order_in_subquestions, order_in_section) VALUES (567, 'Q2.5', '2014-10-29 09:57:05.404', 'EN', '2014-10-29 09:57:05.404', false, '', false, 'L', 1, '', 'The menu board was easy to read', 1, 1, 556, NULL, 4, NULL);
INSERT INTO question (id, code, created_date, language, last_modified_date, other_allowed, relevance, required, type, version, explanation, title, createdby_id, lastmodifiedby_id, parent_id, section_id, order_in_subquestions, order_in_section) VALUES (568, 'Q2.6', '2014-10-29 09:57:05.404', 'EN', '2014-10-29 09:57:05.404', false, '', false, 'L', 1, '', 'The drive-thru sound system was cleara', 1, 1, 556, NULL, 5, NULL);
INSERT INTO question (id, code, created_date, language, last_modified_date, other_allowed, relevance, required, type, version, explanation, title, createdby_id, lastmodifiedby_id, parent_id, section_id, order_in_subquestions, order_in_section) VALUES (569, 'Q3', '2014-10-29 09:57:05.513', 'EN', '2014-10-29 09:57:05.513', false, '', true, 'L', 1, '', 'Indicate total household income', 1, 1, NULL, 544, NULL, 2);
INSERT INTO question (id, code, created_date, language, last_modified_date, other_allowed, relevance, required, type, version, explanation, title, createdby_id, lastmodifiedby_id, parent_id, section_id, order_in_subquestions, order_in_section) VALUES (583, 'Q1', '2014-10-29 09:57:05.966', 'EN', '2014-10-29 09:57:05.966', false, '', true, 'L', 1, '', 'Have you faced any Java performance issues during the past 12 months? ', 1, 1, NULL, 581, NULL, 0);
INSERT INTO question (id, code, created_date, language, last_modified_date, other_allowed, relevance, required, type, version, explanation, title, createdby_id, lastmodifiedby_id, parent_id, section_id, order_in_subquestions, order_in_section) VALUES (588, 'Q2', '2014-10-29 09:57:06.075', 'EN', '2014-10-29 09:57:06.075', true, '', false, 'M', 1, '', 'What were the symptoms surfacing the performance issue?', 1, 1, NULL, 587, NULL, 0);
INSERT INTO question (id, code, created_date, language, last_modified_date, other_allowed, relevance, required, type, version, explanation, title, createdby_id, lastmodifiedby_id, parent_id, section_id, order_in_subquestions, order_in_section) VALUES (657, 'Q11', '2014-10-29 09:57:07.19', 'EN', '2014-10-29 09:57:07.19', false, '', true, 'S', 1, '', 'Name', 1, 1, NULL, 656, NULL, 0);
INSERT INTO question (id, code, created_date, language, last_modified_date, other_allowed, relevance, required, type, version, explanation, title, createdby_id, lastmodifiedby_id, parent_id, section_id, order_in_subquestions, order_in_section) VALUES (597, 'Q4', '2014-10-29 09:57:06.169', 'EN', '2014-10-29 09:57:06.169', false, '', false, 'L', 1, '', 'Was the performance issue affecting end users? ', 1, 1, NULL, 587, NULL, 2);
INSERT INTO question (id, code, created_date, language, last_modified_date, other_allowed, relevance, required, type, version, explanation, title, createdby_id, lastmodifiedby_id, parent_id, section_id, order_in_subquestions, order_in_section) VALUES (654, 'Q10', '2014-10-29 09:57:06.877', 'EN', '2014-10-29 09:57:06.877', false, '', false, 'T', 1, '', 'What was the most time consuming part of the process? ', 1, 1, NULL, 587, NULL, 8);
INSERT INTO question (id, code, created_date, language, last_modified_date, other_allowed, relevance, required, type, version, explanation, title, createdby_id, lastmodifiedby_id, parent_id, section_id, order_in_subquestions, order_in_section) VALUES (659, 'Q13', '2014-10-29 09:57:07.221', 'EN', '2014-10-29 09:57:07.221', true, '', false, 'L', 1, '', 'Role', 1, 1, NULL, 656, NULL, 2);
INSERT INTO question (id, code, created_date, language, last_modified_date, other_allowed, relevance, required, type, version, explanation, title, createdby_id, lastmodifiedby_id, parent_id, section_id, order_in_subquestions, order_in_section) VALUES (629, 'Q7', '2014-10-29 09:57:06.487', 'EN', '2014-10-29 09:57:06.487', false, '', false, 'L', 1, '', 'Were you able to reproduce the performance issue in the test/development environment?', 1, 1, NULL, 587, NULL, 5);


--
-- TOC entry 2258 (class 0 OID 151424)
-- Dependencies: 180
-- Data for Name: research; Type: TABLE DATA; Schema: public; Owner: postgres
--

INSERT INTO research (id, created_date, expiration_date, last_modified_date, name, start_date, status, type, version, createdby_id, lastmodifiedby_id, questionnairedefinition_id) VALUES (103, '2014-10-29 09:56:56.874', '2014-10-29 09:56:56.858', '2014-10-29 09:56:56.874', 'New QuizEuropean general knowledge quiz started', '2014-10-29 09:56:56.858', 'C', 'P', 2, 1, 1, 12);
INSERT INTO research (id, created_date, expiration_date, last_modified_date, name, start_date, status, type, version, createdby_id, lastmodifiedby_id, questionnairedefinition_id) VALUES (118, '2014-10-29 09:56:57.297', '2014-10-29 09:56:57.281', '2014-10-29 09:56:57.297', 'Anonymous New QuizEuropean general knowledge quiz started', '2014-10-29 09:56:57.281', 'D', 'O', 1, 1, 1, 12);
INSERT INTO research (id, created_date, expiration_date, last_modified_date, name, start_date, status, type, version, createdby_id, lastmodifiedby_id, questionnairedefinition_id) VALUES (212, '2014-10-29 09:56:59.555', '2014-10-29 09:56:59.524', '2014-10-29 09:56:59.555', 'Anonymous New QuizEuropean general knowledge quiz started', '2014-10-29 09:56:59.524', 'D', 'O', 1, 1, 1, 121);
INSERT INTO research (id, created_date, expiration_date, last_modified_date, name, start_date, status, type, version, createdby_id, lastmodifiedby_id, questionnairedefinition_id) VALUES (306, '2014-10-29 09:57:01.532', '2014-10-29 09:57:01.516', '2014-10-29 09:57:01.532', 'New QuizEuropean general knowledge quiz started', '2014-10-29 09:57:01.516', 'C', 'P', 2, 1, 1, 215);
INSERT INTO research (id, created_date, expiration_date, last_modified_date, name, start_date, status, type, version, createdby_id, lastmodifiedby_id, questionnairedefinition_id) VALUES (321, '2014-10-29 09:57:01.813', '2014-10-29 09:57:01.798', '2014-10-29 09:57:01.813', 'Anonymous New QuizEuropean general knowledge quiz started', '2014-10-29 09:57:01.798', 'D', 'O', 1, 1, 1, 215);
INSERT INTO research (id, created_date, expiration_date, last_modified_date, name, start_date, status, type, version, createdby_id, lastmodifiedby_id, questionnairedefinition_id) VALUES (415, '2014-10-29 09:57:03.428', '2014-10-29 09:57:03.412', '2014-10-29 09:57:03.428', 'New QuizEuropean general knowledge quiz started', '2014-10-29 09:57:03.412', 'C', 'P', 2, 1, 1, 324);
INSERT INTO research (id, created_date, expiration_date, last_modified_date, name, start_date, status, type, version, createdby_id, lastmodifiedby_id, questionnairedefinition_id) VALUES (430, '2014-10-29 09:57:03.662', '2014-10-29 09:57:03.646', '2014-10-29 09:57:03.662', 'Anonymous New QuizEuropean general knowledge quiz started', '2014-10-29 09:57:03.646', 'D', 'O', 1, 1, 1, 324);
INSERT INTO research (id, created_date, expiration_date, last_modified_date, name, start_date, status, type, version, createdby_id, lastmodifiedby_id, questionnairedefinition_id) VALUES (524, '2014-10-29 09:57:04.98', '2014-10-29 09:57:04.98', '2014-10-29 09:57:04.98', 'New QuizEuropean general knowledge quiz started', '2014-10-29 09:57:04.98', 'C', 'P', 2, 1, 1, 433);
INSERT INTO research (id, created_date, expiration_date, last_modified_date, name, start_date, status, type, version, createdby_id, lastmodifiedby_id, questionnairedefinition_id) VALUES (539, '2014-10-29 09:57:05.214', '2014-10-29 09:57:05.198', '2014-10-29 09:57:05.214', 'Anonymous New QuizEuropean general knowledge quiz started', '2014-10-29 09:57:05.198', 'D', 'O', 1, 1, 1, 433);
INSERT INTO research (id, created_date, expiration_date, last_modified_date, name, start_date, status, type, version, createdby_id, lastmodifiedby_id, questionnairedefinition_id) VALUES (577, '2014-10-29 09:57:05.919', '2014-10-29 09:57:05.904', '2014-10-29 09:57:05.919', 'New customer satisfation survey Food Quality QuestionnaireDefinition started', '2014-10-29 09:57:05.904', 'D', 'O', 1, 1, 1, 542);
INSERT INTO research (id, created_date, expiration_date, last_modified_date, name, start_date, status, type, version, createdby_id, lastmodifiedby_id, questionnairedefinition_id) VALUES (668, '2014-10-29 09:57:07.676', '2014-10-29 09:57:07.66', '2014-10-29 09:57:07.676', 'Java Performance Survey Java Performance Tunning Survey started', '2014-10-29 09:57:07.66', 'D', 'O', 1, 1, 1, 580);


--
-- TOC entry 2255 (class 0 OID 151403)
-- Dependencies: 177
-- Data for Name: questionnaire; Type: TABLE DATA; Schema: public; Owner: postgres
--

INSERT INTO questionnaire (id, answers_id, created_date, last_modified_date, status, submit_date, version, createdby_id, lastmodifiedby_id, questionnairedefinition_id, research_id, respondent_id) VALUES (106, 1, '2014-10-29 09:56:57.014', '2014-10-29 09:56:57.014', 'C', NULL, 2, 1, 1, 12, 103, 6);
INSERT INTO questionnaire (id, answers_id, created_date, last_modified_date, status, submit_date, version, createdby_id, lastmodifiedby_id, questionnairedefinition_id, research_id, respondent_id) VALUES (109, 2, '2014-10-29 09:56:57.092', '2014-10-29 09:56:57.092', 'C', NULL, 2, 1, 1, 12, 103, 4);
INSERT INTO questionnaire (id, answers_id, created_date, last_modified_date, status, submit_date, version, createdby_id, lastmodifiedby_id, questionnairedefinition_id, research_id, respondent_id) VALUES (112, 3, '2014-10-29 09:56:57.139', '2014-10-29 09:56:57.139', 'C', NULL, 2, 1, 1, 12, 103, 10);
INSERT INTO questionnaire (id, answers_id, created_date, last_modified_date, status, submit_date, version, createdby_id, lastmodifiedby_id, questionnairedefinition_id, research_id, respondent_id) VALUES (115, 4, '2014-10-29 09:56:57.202', '2014-10-29 09:56:57.202', 'C', NULL, 2, 1, 1, 12, 103, 8);
INSERT INTO questionnaire (id, answers_id, created_date, last_modified_date, status, submit_date, version, createdby_id, lastmodifiedby_id, questionnairedefinition_id, research_id, respondent_id) VALUES (309, 1, '2014-10-29 09:57:01.563', '2014-10-29 09:57:01.563', 'C', NULL, 2, 1, 1, 215, 306, 6);
INSERT INTO questionnaire (id, answers_id, created_date, last_modified_date, status, submit_date, version, createdby_id, lastmodifiedby_id, questionnairedefinition_id, research_id, respondent_id) VALUES (312, 2, '2014-10-29 09:57:01.626', '2014-10-29 09:57:01.626', 'C', NULL, 2, 1, 1, 215, 306, 4);
INSERT INTO questionnaire (id, answers_id, created_date, last_modified_date, status, submit_date, version, createdby_id, lastmodifiedby_id, questionnairedefinition_id, research_id, respondent_id) VALUES (315, 3, '2014-10-29 09:57:01.688', '2014-10-29 09:57:01.688', 'C', NULL, 2, 1, 1, 215, 306, 10);
INSERT INTO questionnaire (id, answers_id, created_date, last_modified_date, status, submit_date, version, createdby_id, lastmodifiedby_id, questionnairedefinition_id, research_id, respondent_id) VALUES (318, 4, '2014-10-29 09:57:01.735', '2014-10-29 09:57:01.735', 'C', NULL, 2, 1, 1, 215, 306, 8);
INSERT INTO questionnaire (id, answers_id, created_date, last_modified_date, status, submit_date, version, createdby_id, lastmodifiedby_id, questionnairedefinition_id, research_id, respondent_id) VALUES (418, 1, '2014-10-29 09:57:03.459', '2014-10-29 09:57:03.459', 'C', NULL, 2, 1, 1, 324, 415, 6);
INSERT INTO questionnaire (id, answers_id, created_date, last_modified_date, status, submit_date, version, createdby_id, lastmodifiedby_id, questionnairedefinition_id, research_id, respondent_id) VALUES (421, 2, '2014-10-29 09:57:03.506', '2014-10-29 09:57:03.506', 'C', NULL, 2, 1, 1, 324, 415, 4);
INSERT INTO questionnaire (id, answers_id, created_date, last_modified_date, status, submit_date, version, createdby_id, lastmodifiedby_id, questionnairedefinition_id, research_id, respondent_id) VALUES (424, 3, '2014-10-29 09:57:03.553', '2014-10-29 09:57:03.553', 'C', NULL, 2, 1, 1, 324, 415, 10);
INSERT INTO questionnaire (id, answers_id, created_date, last_modified_date, status, submit_date, version, createdby_id, lastmodifiedby_id, questionnairedefinition_id, research_id, respondent_id) VALUES (427, 4, '2014-10-29 09:57:03.584', '2014-10-29 09:57:03.584', 'C', NULL, 2, 1, 1, 324, 415, 8);
INSERT INTO questionnaire (id, answers_id, created_date, last_modified_date, status, submit_date, version, createdby_id, lastmodifiedby_id, questionnairedefinition_id, research_id, respondent_id) VALUES (527, 1, '2014-10-29 09:57:05.026', '2014-10-29 09:57:05.026', 'C', NULL, 2, 1, 1, 433, 524, 6);
INSERT INTO questionnaire (id, answers_id, created_date, last_modified_date, status, submit_date, version, createdby_id, lastmodifiedby_id, questionnairedefinition_id, research_id, respondent_id) VALUES (530, 2, '2014-10-29 09:57:05.058', '2014-10-29 09:57:05.058', 'C', NULL, 2, 1, 1, 433, 524, 4);
INSERT INTO questionnaire (id, answers_id, created_date, last_modified_date, status, submit_date, version, createdby_id, lastmodifiedby_id, questionnairedefinition_id, research_id, respondent_id) VALUES (533, 3, '2014-10-29 09:57:05.105', '2014-10-29 09:57:05.105', 'C', NULL, 2, 1, 1, 433, 524, 10);
INSERT INTO questionnaire (id, answers_id, created_date, last_modified_date, status, submit_date, version, createdby_id, lastmodifiedby_id, questionnairedefinition_id, research_id, respondent_id) VALUES (536, 4, '2014-10-29 09:57:05.151', '2014-10-29 09:57:05.151', 'C', NULL, 2, 1, 1, 433, 524, 8);


--
-- TOC entry 2249 (class 0 OID 151358)
-- Dependencies: 171
-- Data for Name: breadcrumb; Type: TABLE DATA; Schema: public; Owner: postgres
--



--
-- TOC entry 2273 (class 0 OID 151529)
-- Dependencies: 195
-- Data for Name: role; Type: TABLE DATA; Schema: public; Owner: postgres
--



--
-- TOC entry 2266 (class 0 OID 151488)
-- Dependencies: 188
-- Data for Name: directory_permission; Type: TABLE DATA; Schema: public; Owner: postgres
--



--
-- TOC entry 2272 (class 0 OID 151521)
-- Dependencies: 194
-- Data for Name: groups; Type: TABLE DATA; Schema: public; Owner: postgres
--

INSERT INTO groups (id, created_date, description, last_modified_date, name, version, createdby_id, lastmodifiedby_id) VALUES (3, '2014-10-29 09:56:54.554', 'Respondent group', '2014-10-29 09:56:54.554', 'Respondents', 1, 1, 1);


--
-- TOC entry 2248 (class 0 OID 151350)
-- Dependencies: 170
-- Data for Name: invitation; Type: TABLE DATA; Schema: public; Owner: postgres
--

INSERT INTO invitation (id, type, status, token, version, research_id, respondent_id) VALUES (104, 'A', 'A', 'RTC782LV3H', 1, 103, NULL);
INSERT INTO invitation (id, type, status, token, version, research_id, respondent_id) VALUES (108, 'P', 'A', '4AKB9WM2G8', 1, 103, 6);
INSERT INTO invitation (id, type, status, token, version, research_id, respondent_id) VALUES (111, 'P', 'A', '4DLN2RRJ6D', 1, 103, 4);
INSERT INTO invitation (id, type, status, token, version, research_id, respondent_id) VALUES (114, 'P', 'A', 'DCLHXDRMLS', 1, 103, 10);
INSERT INTO invitation (id, type, status, token, version, research_id, respondent_id) VALUES (117, 'P', 'A', '2CNBSHKPBQ', 1, 103, 8);
INSERT INTO invitation (id, type, status, token, version, research_id, respondent_id) VALUES (119, 'A', 'A', 'PXLLBCJDX6', 1, 118, NULL);
INSERT INTO invitation (id, type, status, token, version, research_id, respondent_id) VALUES (213, 'A', 'A', 'ZZC3XNHYVL', 1, 212, NULL);
INSERT INTO invitation (id, type, status, token, version, research_id, respondent_id) VALUES (307, 'A', 'A', 'Z7N5R7AF7F', 1, 306, NULL);
INSERT INTO invitation (id, type, status, token, version, research_id, respondent_id) VALUES (311, 'P', 'A', '9ZSDPPDAYJ', 1, 306, 6);
INSERT INTO invitation (id, type, status, token, version, research_id, respondent_id) VALUES (314, 'P', 'A', 'SS5G7MV7NY', 1, 306, 4);
INSERT INTO invitation (id, type, status, token, version, research_id, respondent_id) VALUES (317, 'P', 'A', 'FSMSLM2A44', 1, 306, 10);
INSERT INTO invitation (id, type, status, token, version, research_id, respondent_id) VALUES (320, 'P', 'A', 'AHKL6LZE3R', 1, 306, 8);
INSERT INTO invitation (id, type, status, token, version, research_id, respondent_id) VALUES (322, 'A', 'A', 'REGRW5X27C', 1, 321, NULL);
INSERT INTO invitation (id, type, status, token, version, research_id, respondent_id) VALUES (416, 'A', 'A', 'R7TJJHDZ84', 1, 415, NULL);
INSERT INTO invitation (id, type, status, token, version, research_id, respondent_id) VALUES (420, 'P', 'A', 'D7QZ2CXZJW', 1, 415, 6);
INSERT INTO invitation (id, type, status, token, version, research_id, respondent_id) VALUES (423, 'P', 'A', 'ULQ6XWK8QR', 1, 415, 4);
INSERT INTO invitation (id, type, status, token, version, research_id, respondent_id) VALUES (426, 'P', 'A', 'M7LMMYBHD6', 1, 415, 10);
INSERT INTO invitation (id, type, status, token, version, research_id, respondent_id) VALUES (429, 'P', 'A', 'GWJ85D6SFW', 1, 415, 8);
INSERT INTO invitation (id, type, status, token, version, research_id, respondent_id) VALUES (431, 'A', 'A', 'QT2SXREWAH', 1, 430, NULL);
INSERT INTO invitation (id, type, status, token, version, research_id, respondent_id) VALUES (525, 'A', 'A', 'CJWNQ8KX5U', 1, 524, NULL);
INSERT INTO invitation (id, type, status, token, version, research_id, respondent_id) VALUES (529, 'P', 'A', '6KPKQH6VKP', 1, 524, 6);
INSERT INTO invitation (id, type, status, token, version, research_id, respondent_id) VALUES (532, 'P', 'A', 'TZ5C36659Z', 1, 524, 4);
INSERT INTO invitation (id, type, status, token, version, research_id, respondent_id) VALUES (535, 'P', 'A', '5X284ZJXX3', 1, 524, 10);
INSERT INTO invitation (id, type, status, token, version, research_id, respondent_id) VALUES (538, 'P', 'A', 'XWLLS7DSEQ', 1, 524, 8);
INSERT INTO invitation (id, type, status, token, version, research_id, respondent_id) VALUES (540, 'A', 'A', 'Z4Y87A9LAW', 1, 539, NULL);
INSERT INTO invitation (id, type, status, token, version, research_id, respondent_id) VALUES (578, 'A', 'A', 'UZ7Z562MZQ', 1, 577, NULL);
INSERT INTO invitation (id, type, status, token, version, research_id, respondent_id) VALUES (669, 'A', 'A', 'ZRHV75Z6CB', 1, 668, NULL);


--
-- TOC entry 2251 (class 0 OID 151371)
-- Dependencies: 173
-- Data for Name: label_set; Type: TABLE DATA; Schema: public; Owner: postgres
--



--
-- TOC entry 2250 (class 0 OID 151363)
-- Dependencies: 172
-- Data for Name: label; Type: TABLE DATA; Schema: public; Owner: postgres
--



--
-- TOC entry 2260 (class 0 OID 151440)
-- Dependencies: 182
-- Data for Name: label_translation; Type: TABLE DATA; Schema: public; Owner: postgres
--



--
-- TOC entry 2252 (class 0 OID 151379)
-- Dependencies: 174
-- Data for Name: mail_message; Type: TABLE DATA; Schema: public; Owner: postgres
--



--
-- TOC entry 2253 (class 0 OID 151387)
-- Dependencies: 175
-- Data for Name: mail_message_template; Type: TABLE DATA; Schema: public; Owner: postgres
--

INSERT INTO mail_message_template (id, created_date, from_address, language, last_modified_date, reply_to, type, version, body, subject, createdby_id, lastmodifiedby_id, questionnairedefinition_id) VALUES (101, '2014-10-29 09:56:56.467', 'support@gazpacho.net', 'EN', '2014-10-29 09:56:56.467', 'support@gazpacho.net', 'INVITATION', 1, 'Dear Mr. $lastname, <br> You have been invited to take this questionnaire. <br>The questionnaire will take about 15 minutes to complete and if you get interrupted, you can return later and continue where you left off.<a href="$link">Click here</a> to take the questionnaireDefinition', 'Invitation to participate in a questionnaire', 1, 1, 12);
INSERT INTO mail_message_template (id, created_date, from_address, language, last_modified_date, reply_to, type, version, body, subject, createdby_id, lastmodifiedby_id, questionnairedefinition_id) VALUES (210, '2014-10-29 09:56:58.957', 'support@gazpacho.net', 'EN', '2014-10-29 09:56:58.957', 'support@gazpacho.net', 'INVITATION', 1, 'Dear Mr. $lastname, <br> You have been invited to take this questionnaire. <br>The questionnaire will take about 15 minutes to complete and if you get interrupted, you can return later and continue where you left off.<a href="$link">Click here</a> to take the questionnaireDefinition', 'Invitation to participate in a questionnaire', 1, 1, 121);
INSERT INTO mail_message_template (id, created_date, from_address, language, last_modified_date, reply_to, type, version, body, subject, createdby_id, lastmodifiedby_id, questionnairedefinition_id) VALUES (304, '2014-10-29 09:57:01.184', 'support@gazpacho.net', 'EN', '2014-10-29 09:57:01.184', 'support@gazpacho.net', 'INVITATION', 1, 'Dear Mr. $lastname, <br> You have been invited to take this questionnaire. <br>The questionnaire will take about 15 minutes to complete and if you get interrupted, you can return later and continue where you left off.<a href="$link">Click here</a> to take the questionnaireDefinition', 'Invitation to participate in a questionnaire', 1, 1, 215);
INSERT INTO mail_message_template (id, created_date, from_address, language, last_modified_date, reply_to, type, version, body, subject, createdby_id, lastmodifiedby_id, questionnairedefinition_id) VALUES (413, '2014-10-29 09:57:03.112', 'support@gazpacho.net', 'EN', '2014-10-29 09:57:03.112', 'support@gazpacho.net', 'INVITATION', 1, 'Dear Mr. $lastname, <br> You have been invited to take this questionnaire. <br>The questionnaire will take about 15 minutes to complete and if you get interrupted, you can return later and continue where you left off.<a href="$link">Click here</a> to take the questionnaireDefinition', 'Invitation to participate in a questionnaire', 1, 1, 324);
INSERT INTO mail_message_template (id, created_date, from_address, language, last_modified_date, reply_to, type, version, body, subject, createdby_id, lastmodifiedby_id, questionnairedefinition_id) VALUES (522, '2014-10-29 09:57:04.667', 'support@gazpacho.net', 'EN', '2014-10-29 09:57:04.667', 'support@gazpacho.net', 'INVITATION', 1, 'Dear Mr. $lastname, <br> You have been invited to take this questionnaire. <br>The questionnaire will take about 15 minutes to complete and if you get interrupted, you can return later and continue where you left off.<a href="$link">Click here</a> to take the questionnaireDefinition', 'Invitation to participate in a questionnaire', 1, 1, 433);
INSERT INTO mail_message_template (id, created_date, from_address, language, last_modified_date, reply_to, type, version, body, subject, createdby_id, lastmodifiedby_id, questionnairedefinition_id) VALUES (575, '2014-10-29 09:57:05.591', 'support@gazpacho.net', 'EN', '2014-10-29 09:57:05.591', 'support@gazpacho.net', 'INVITATION', 1, 'Dear Mr. $lastname, <br> You have been invited to take this questionnaire. <br>The questionnaire will take about 15 minutes to complete and if you get interrupted, you can return later and continue where you left off.<a href="$link">Click here</a> to take the questionnaireDefinition', 'Invitation to participate in a questionnaire', 1, 1, 542);
INSERT INTO mail_message_template (id, created_date, from_address, language, last_modified_date, reply_to, type, version, body, subject, createdby_id, lastmodifiedby_id, questionnairedefinition_id) VALUES (666, '2014-10-29 09:57:07.301', 'support@gazpacho.net', 'EN', '2014-10-29 09:57:07.301', 'support@gazpacho.net', 'INVITATION', 1, 'Dear Mr. $lastname, <br> You have been invited to take this questionnaire. <br>The questionnaire will take about 15 minutes to complete and if you get interrupted, you can return later and continue where you left off.<a href="$link">Click here</a> to take the questionnaireDefinition', 'Invitation to participate in a questionnaire', 1, 1, 580);


--
-- TOC entry 2261 (class 0 OID 151448)
-- Dependencies: 183
-- Data for Name: mail_message_template_translation; Type: TABLE DATA; Schema: public; Owner: postgres
--

INSERT INTO mail_message_template_translation (id, created_date, language, last_modified_date, version, body, subject, createdby_id, lastmodifiedby_id, mailmessagetemplate_id) VALUES (102, '2014-10-29 09:56:56.499', 'ES', '2014-10-29 09:56:56.499', 1, 'Estimado Sr. $lastname, <br> Has sido invitado para participar en esta cuestionario <br>Nos dedicas 15 minutos para completarlo?, puedes interrumpirlo y completarlo ms tarde si es necesario<a href="$link">Click aqui</a> para empezar', 'Invitacin para participar en un cuestionario', 1, 1, 101);
INSERT INTO mail_message_template_translation (id, created_date, language, last_modified_date, version, body, subject, createdby_id, lastmodifiedby_id, mailmessagetemplate_id) VALUES (211, '2014-10-29 09:56:59.067', 'ES', '2014-10-29 09:56:59.067', 1, 'Estimado Sr. $lastname, <br> Has sido invitado para participar en esta cuestionario <br>Nos dedicas 15 minutos para completarlo?, puedes interrumpirlo y completarlo ms tarde si es necesario<a href="$link">Click aqui</a> para empezar', 'Invitacin para participar en un cuestionario', 1, 1, 210);
INSERT INTO mail_message_template_translation (id, created_date, language, last_modified_date, version, body, subject, createdby_id, lastmodifiedby_id, mailmessagetemplate_id) VALUES (305, '2014-10-29 09:57:01.184', 'ES', '2014-10-29 09:57:01.184', 1, 'Estimado Sr. $lastname, <br> Has sido invitado para participar en esta cuestionario <br>Nos dedicas 15 minutos para completarlo?, puedes interrumpirlo y completarlo ms tarde si es necesario<a href="$link">Click aqui</a> para empezar', 'Invitacin para participar en un cuestionario', 1, 1, 304);
INSERT INTO mail_message_template_translation (id, created_date, language, last_modified_date, version, body, subject, createdby_id, lastmodifiedby_id, mailmessagetemplate_id) VALUES (414, '2014-10-29 09:57:03.128', 'ES', '2014-10-29 09:57:03.128', 1, 'Estimado Sr. $lastname, <br> Has sido invitado para participar en esta cuestionario <br>Nos dedicas 15 minutos para completarlo?, puedes interrumpirlo y completarlo ms tarde si es necesario<a href="$link">Click aqui</a> para empezar', 'Invitacin para participar en un cuestionario', 1, 1, 413);
INSERT INTO mail_message_template_translation (id, created_date, language, last_modified_date, version, body, subject, createdby_id, lastmodifiedby_id, mailmessagetemplate_id) VALUES (523, '2014-10-29 09:57:04.683', 'ES', '2014-10-29 09:57:04.683', 1, 'Estimado Sr. $lastname, <br> Has sido invitado para participar en esta cuestionario <br>Nos dedicas 15 minutos para completarlo?, puedes interrumpirlo y completarlo ms tarde si es necesario<a href="$link">Click aqui</a> para empezar', 'Invitacin para participar en un cuestionario', 1, 1, 522);
INSERT INTO mail_message_template_translation (id, created_date, language, last_modified_date, version, body, subject, createdby_id, lastmodifiedby_id, mailmessagetemplate_id) VALUES (576, '2014-10-29 09:57:05.607', 'ES', '2014-10-29 09:57:05.607', 1, 'Estimado Sr. $lastname, <br> Has sido invitado para participar en esta cuestionario <br>Nos dedicas 15 minutos para completarlo?, puedes interrumpirlo y completarlo ms tarde si es necesario<a href="$link">Click aqui</a> para empezar', 'Invitacin para participar en un cuestionario', 1, 1, 575);
INSERT INTO mail_message_template_translation (id, created_date, language, last_modified_date, version, body, subject, createdby_id, lastmodifiedby_id, mailmessagetemplate_id) VALUES (667, '2014-10-29 09:57:07.316', 'ES', '2014-10-29 09:57:07.316', 1, 'Estimado Sr. $lastname, <br> Has sido invitado para participar en esta cuestionario <br>Nos dedicas 15 minutos para completarlo?, puedes interrumpirlo y completarlo ms tarde si es necesario<a href="$link">Click aqui</a> para empezar', 'Invitacin para participar en un cuestionario', 1, 1, 666);


--
-- TOC entry 2257 (class 0 OID 151416)
-- Dependencies: 179
-- Data for Name: question_option; Type: TABLE DATA; Schema: public; Owner: postgres
--

INSERT INTO question_option (id, code, created_date, language, last_modified_date, version, title, createdby_id, lastmodifiedby_id, question_id, order_in_question) VALUES (24, 'O1', '2014-10-29 09:56:55.148', 'EN', '2014-10-29 09:56:55.148', 1, 'Norway', 1, 1, 23, 0);
INSERT INTO question_option (id, code, created_date, language, last_modified_date, version, title, createdby_id, lastmodifiedby_id, question_id, order_in_question) VALUES (25, 'O2', '2014-10-29 09:56:55.148', 'EN', '2014-10-29 09:56:55.148', 1, 'Sweden', 1, 1, 23, 1);
INSERT INTO question_option (id, code, created_date, language, last_modified_date, version, title, createdby_id, lastmodifiedby_id, question_id, order_in_question) VALUES (26, 'O3', '2014-10-29 09:56:55.163', 'EN', '2014-10-29 09:56:55.163', 1, 'Denmark', 1, 1, 23, 2);
INSERT INTO question_option (id, code, created_date, language, last_modified_date, version, title, createdby_id, lastmodifiedby_id, question_id, order_in_question) VALUES (27, 'O4', '2014-10-29 09:56:55.163', 'EN', '2014-10-29 09:56:55.163', 1, 'Iceland', 1, 1, 23, 3);
INSERT INTO question_option (id, code, created_date, language, last_modified_date, version, title, createdby_id, lastmodifiedby_id, question_id, order_in_question) VALUES (36, 'O1', '2014-10-29 09:56:55.387', 'EN', '2014-10-29 09:56:55.387', 1, 'Vatican City', 1, 1, 35, 0);
INSERT INTO question_option (id, code, created_date, language, last_modified_date, version, title, createdby_id, lastmodifiedby_id, question_id, order_in_question) VALUES (37, 'O2', '2014-10-29 09:56:55.387', 'EN', '2014-10-29 09:56:55.387', 1, 'Roma', 1, 1, 35, 1);
INSERT INTO question_option (id, code, created_date, language, last_modified_date, version, title, createdby_id, lastmodifiedby_id, question_id, order_in_question) VALUES (38, 'O3', '2014-10-29 09:56:55.387', 'EN', '2014-10-29 09:56:55.387', 1, 'Helsinki', 1, 1, 35, 2);
INSERT INTO question_option (id, code, created_date, language, last_modified_date, version, title, createdby_id, lastmodifiedby_id, question_id, order_in_question) VALUES (39, 'O4', '2014-10-29 09:56:55.387', 'EN', '2014-10-29 09:56:55.387', 1, 'Viena', 1, 1, 35, 3);
INSERT INTO question_option (id, code, created_date, language, last_modified_date, version, title, createdby_id, lastmodifiedby_id, question_id, order_in_question) VALUES (48, 'O1', '2014-10-29 09:56:55.621', 'EN', '2014-10-29 09:56:55.621', 1, 'Westphalia', 1, 1, 47, 0);
INSERT INTO question_option (id, code, created_date, language, last_modified_date, version, title, createdby_id, lastmodifiedby_id, question_id, order_in_question) VALUES (49, 'O2', '2014-10-29 09:56:55.621', 'EN', '2014-10-29 09:56:55.621', 1, 'Rome', 1, 1, 47, 1);
INSERT INTO question_option (id, code, created_date, language, last_modified_date, version, title, createdby_id, lastmodifiedby_id, question_id, order_in_question) VALUES (50, 'O3', '2014-10-29 09:56:55.637', 'EN', '2014-10-29 09:56:55.637', 1, 'Brussels', 1, 1, 47, 2);
INSERT INTO question_option (id, code, created_date, language, last_modified_date, version, title, createdby_id, lastmodifiedby_id, question_id, order_in_question) VALUES (51, 'O4', '2014-10-29 09:56:55.637', 'EN', '2014-10-29 09:56:55.637', 1, 'Versailles', 1, 1, 47, 3);
INSERT INTO question_option (id, code, created_date, language, last_modified_date, version, title, createdby_id, lastmodifiedby_id, question_id, order_in_question) VALUES (58, 'O1', '2014-10-29 09:56:55.762', 'EN', '2014-10-29 09:56:55.762', 1, 'Norway', 1, 1, 57, 0);
INSERT INTO question_option (id, code, created_date, language, last_modified_date, version, title, createdby_id, lastmodifiedby_id, question_id, order_in_question) VALUES (59, 'O2', '2014-10-29 09:56:55.762', 'EN', '2014-10-29 09:56:55.762', 1, 'Poland', 1, 1, 57, 1);
INSERT INTO question_option (id, code, created_date, language, last_modified_date, version, title, createdby_id, lastmodifiedby_id, question_id, order_in_question) VALUES (60, 'O3', '2014-10-29 09:56:55.762', 'EN', '2014-10-29 09:56:55.762', 1, 'Macedonia', 1, 1, 57, 2);
INSERT INTO question_option (id, code, created_date, language, last_modified_date, version, title, createdby_id, lastmodifiedby_id, question_id, order_in_question) VALUES (61, 'O4', '2014-10-29 09:56:55.762', 'EN', '2014-10-29 09:56:55.762', 1, 'Chipre', 1, 1, 57, 3);
INSERT INTO question_option (id, code, created_date, language, last_modified_date, version, title, createdby_id, lastmodifiedby_id, question_id, order_in_question) VALUES (70, 'O1', '2014-10-29 09:56:56.012', 'EN', '2014-10-29 09:56:56.012', 1, 'Barcelona', 1, 1, 69, 0);
INSERT INTO question_option (id, code, created_date, language, last_modified_date, version, title, createdby_id, lastmodifiedby_id, question_id, order_in_question) VALUES (71, 'O2', '2014-10-29 09:56:56.012', 'EN', '2014-10-29 09:56:56.012', 1, 'Lisboa', 1, 1, 69, 1);
INSERT INTO question_option (id, code, created_date, language, last_modified_date, version, title, createdby_id, lastmodifiedby_id, question_id, order_in_question) VALUES (72, 'O3', '2014-10-29 09:56:56.012', 'EN', '2014-10-29 09:56:56.012', 1, 'Genoa', 1, 1, 69, 2);
INSERT INTO question_option (id, code, created_date, language, last_modified_date, version, title, createdby_id, lastmodifiedby_id, question_id, order_in_question) VALUES (73, 'O4', '2014-10-29 09:56:56.012', 'EN', '2014-10-29 09:56:56.012', 1, 'Roma', 1, 1, 69, 3);
INSERT INTO question_option (id, code, created_date, language, last_modified_date, version, title, createdby_id, lastmodifiedby_id, question_id, order_in_question) VALUES (80, 'O1', '2014-10-29 09:56:56.122', 'EN', '2014-10-29 09:56:56.122', 1, 'Portuguese Empire', 1, 1, 79, 0);
INSERT INTO question_option (id, code, created_date, language, last_modified_date, version, title, createdby_id, lastmodifiedby_id, question_id, order_in_question) VALUES (81, 'O2', '2014-10-29 09:56:56.122', 'EN', '2014-10-29 09:56:56.122', 1, 'British Empire', 1, 1, 79, 1);
INSERT INTO question_option (id, code, created_date, language, last_modified_date, version, title, createdby_id, lastmodifiedby_id, question_id, order_in_question) VALUES (82, 'O3', '2014-10-29 09:56:56.122', 'EN', '2014-10-29 09:56:56.122', 1, 'Spanish Empire', 1, 1, 79, 2);
INSERT INTO question_option (id, code, created_date, language, last_modified_date, version, title, createdby_id, lastmodifiedby_id, question_id, order_in_question) VALUES (83, 'O4', '2014-10-29 09:56:56.122', 'EN', '2014-10-29 09:56:56.122', 1, 'Dutch Empire', 1, 1, 79, 3);
INSERT INTO question_option (id, code, created_date, language, last_modified_date, version, title, createdby_id, lastmodifiedby_id, question_id, order_in_question) VALUES (92, 'O1', '2014-10-29 09:56:56.311', 'EN', '2014-10-29 09:56:56.311', 1, 'Adolph Hitler', 1, 1, 91, 0);
INSERT INTO question_option (id, code, created_date, language, last_modified_date, version, title, createdby_id, lastmodifiedby_id, question_id, order_in_question) VALUES (93, 'O2', '2014-10-29 09:56:56.311', 'EN', '2014-10-29 09:56:56.311', 1, 'Napoleon', 1, 1, 91, 1);
INSERT INTO question_option (id, code, created_date, language, last_modified_date, version, title, createdby_id, lastmodifiedby_id, question_id, order_in_question) VALUES (94, 'O3', '2014-10-29 09:56:56.311', 'EN', '2014-10-29 09:56:56.311', 1, 'Philip 2th King of Spain', 1, 1, 91, 2);
INSERT INTO question_option (id, code, created_date, language, last_modified_date, version, title, createdby_id, lastmodifiedby_id, question_id, order_in_question) VALUES (95, 'O4', '2014-10-29 09:56:56.311', 'EN', '2014-10-29 09:56:56.311', 1, 'Julius Caesar', 1, 1, 91, 3);
INSERT INTO question_option (id, code, created_date, language, last_modified_date, version, title, createdby_id, lastmodifiedby_id, question_id, order_in_question) VALUES (133, 'O1', '2014-10-29 09:56:57.563', 'EN', '2014-10-29 09:56:57.563', 1, 'Norway', 1, 1, 132, 0);
INSERT INTO question_option (id, code, created_date, language, last_modified_date, version, title, createdby_id, lastmodifiedby_id, question_id, order_in_question) VALUES (134, 'O2', '2014-10-29 09:56:57.563', 'EN', '2014-10-29 09:56:57.563', 1, 'Sweden', 1, 1, 132, 1);
INSERT INTO question_option (id, code, created_date, language, last_modified_date, version, title, createdby_id, lastmodifiedby_id, question_id, order_in_question) VALUES (135, 'O3', '2014-10-29 09:56:57.563', 'EN', '2014-10-29 09:56:57.563', 1, 'Denmark', 1, 1, 132, 2);
INSERT INTO question_option (id, code, created_date, language, last_modified_date, version, title, createdby_id, lastmodifiedby_id, question_id, order_in_question) VALUES (136, 'O4', '2014-10-29 09:56:57.563', 'EN', '2014-10-29 09:56:57.563', 1, 'Iceland', 1, 1, 132, 3);
INSERT INTO question_option (id, code, created_date, language, last_modified_date, version, title, createdby_id, lastmodifiedby_id, question_id, order_in_question) VALUES (145, 'O1', '2014-10-29 09:56:57.735', 'EN', '2014-10-29 09:56:57.735', 1, 'Vatican City', 1, 1, 144, 0);
INSERT INTO question_option (id, code, created_date, language, last_modified_date, version, title, createdby_id, lastmodifiedby_id, question_id, order_in_question) VALUES (146, 'O2', '2014-10-29 09:56:57.735', 'EN', '2014-10-29 09:56:57.735', 1, 'Roma', 1, 1, 144, 1);
INSERT INTO question_option (id, code, created_date, language, last_modified_date, version, title, createdby_id, lastmodifiedby_id, question_id, order_in_question) VALUES (147, 'O3', '2014-10-29 09:56:57.735', 'EN', '2014-10-29 09:56:57.735', 1, 'Helsinki', 1, 1, 144, 2);
INSERT INTO question_option (id, code, created_date, language, last_modified_date, version, title, createdby_id, lastmodifiedby_id, question_id, order_in_question) VALUES (148, 'O4', '2014-10-29 09:56:57.75', 'EN', '2014-10-29 09:56:57.75', 1, 'Viena', 1, 1, 144, 3);
INSERT INTO question_option (id, code, created_date, language, last_modified_date, version, title, createdby_id, lastmodifiedby_id, question_id, order_in_question) VALUES (157, 'O1', '2014-10-29 09:56:57.906', 'EN', '2014-10-29 09:56:57.906', 1, 'Westphalia', 1, 1, 156, 0);
INSERT INTO question_option (id, code, created_date, language, last_modified_date, version, title, createdby_id, lastmodifiedby_id, question_id, order_in_question) VALUES (158, 'O2', '2014-10-29 09:56:57.906', 'EN', '2014-10-29 09:56:57.906', 1, 'Rome', 1, 1, 156, 1);
INSERT INTO question_option (id, code, created_date, language, last_modified_date, version, title, createdby_id, lastmodifiedby_id, question_id, order_in_question) VALUES (159, 'O3', '2014-10-29 09:56:57.922', 'EN', '2014-10-29 09:56:57.922', 1, 'Brussels', 1, 1, 156, 2);
INSERT INTO question_option (id, code, created_date, language, last_modified_date, version, title, createdby_id, lastmodifiedby_id, question_id, order_in_question) VALUES (160, 'O4', '2014-10-29 09:56:57.922', 'EN', '2014-10-29 09:56:57.922', 1, 'Versailles', 1, 1, 156, 3);
INSERT INTO question_option (id, code, created_date, language, last_modified_date, version, title, createdby_id, lastmodifiedby_id, question_id, order_in_question) VALUES (167, 'O1', '2014-10-29 09:56:58.031', 'EN', '2014-10-29 09:56:58.031', 1, 'Norway', 1, 1, 166, 0);
INSERT INTO question_option (id, code, created_date, language, last_modified_date, version, title, createdby_id, lastmodifiedby_id, question_id, order_in_question) VALUES (168, 'O2', '2014-10-29 09:56:58.031', 'EN', '2014-10-29 09:56:58.031', 1, 'Poland', 1, 1, 166, 1);
INSERT INTO question_option (id, code, created_date, language, last_modified_date, version, title, createdby_id, lastmodifiedby_id, question_id, order_in_question) VALUES (169, 'O3', '2014-10-29 09:56:58.031', 'EN', '2014-10-29 09:56:58.031', 1, 'Macedonia', 1, 1, 166, 2);
INSERT INTO question_option (id, code, created_date, language, last_modified_date, version, title, createdby_id, lastmodifiedby_id, question_id, order_in_question) VALUES (170, 'O4', '2014-10-29 09:56:58.031', 'EN', '2014-10-29 09:56:58.031', 1, 'Chipre', 1, 1, 166, 3);
INSERT INTO question_option (id, code, created_date, language, last_modified_date, version, title, createdby_id, lastmodifiedby_id, question_id, order_in_question) VALUES (179, 'O1', '2014-10-29 09:56:58.223', 'EN', '2014-10-29 09:56:58.223', 1, 'Barcelona', 1, 1, 178, 0);
INSERT INTO question_option (id, code, created_date, language, last_modified_date, version, title, createdby_id, lastmodifiedby_id, question_id, order_in_question) VALUES (180, 'O2', '2014-10-29 09:56:58.223', 'EN', '2014-10-29 09:56:58.223', 1, 'Lisboa', 1, 1, 178, 1);
INSERT INTO question_option (id, code, created_date, language, last_modified_date, version, title, createdby_id, lastmodifiedby_id, question_id, order_in_question) VALUES (181, 'O3', '2014-10-29 09:56:58.223', 'EN', '2014-10-29 09:56:58.223', 1, 'Genoa', 1, 1, 178, 2);
INSERT INTO question_option (id, code, created_date, language, last_modified_date, version, title, createdby_id, lastmodifiedby_id, question_id, order_in_question) VALUES (182, 'O4', '2014-10-29 09:56:58.223', 'EN', '2014-10-29 09:56:58.223', 1, 'Roma', 1, 1, 178, 3);
INSERT INTO question_option (id, code, created_date, language, last_modified_date, version, title, createdby_id, lastmodifiedby_id, question_id, order_in_question) VALUES (189, 'O1', '2014-10-29 09:56:58.332', 'EN', '2014-10-29 09:56:58.332', 1, 'Portuguese Empire', 1, 1, 188, 0);
INSERT INTO question_option (id, code, created_date, language, last_modified_date, version, title, createdby_id, lastmodifiedby_id, question_id, order_in_question) VALUES (190, 'O2', '2014-10-29 09:56:58.332', 'EN', '2014-10-29 09:56:58.332', 1, 'British Empire', 1, 1, 188, 1);
INSERT INTO question_option (id, code, created_date, language, last_modified_date, version, title, createdby_id, lastmodifiedby_id, question_id, order_in_question) VALUES (191, 'O3', '2014-10-29 09:56:58.348', 'EN', '2014-10-29 09:56:58.348', 1, 'Spanish Empire', 1, 1, 188, 2);
INSERT INTO question_option (id, code, created_date, language, last_modified_date, version, title, createdby_id, lastmodifiedby_id, question_id, order_in_question) VALUES (192, 'O4', '2014-10-29 09:56:58.348', 'EN', '2014-10-29 09:56:58.348', 1, 'Dutch Empire', 1, 1, 188, 3);
INSERT INTO question_option (id, code, created_date, language, last_modified_date, version, title, createdby_id, lastmodifiedby_id, question_id, order_in_question) VALUES (201, 'O1', '2014-10-29 09:56:58.629', 'EN', '2014-10-29 09:56:58.629', 1, 'Adolph Hitler', 1, 1, 200, 0);
INSERT INTO question_option (id, code, created_date, language, last_modified_date, version, title, createdby_id, lastmodifiedby_id, question_id, order_in_question) VALUES (202, 'O2', '2014-10-29 09:56:58.629', 'EN', '2014-10-29 09:56:58.629', 1, 'Napoleon', 1, 1, 200, 1);
INSERT INTO question_option (id, code, created_date, language, last_modified_date, version, title, createdby_id, lastmodifiedby_id, question_id, order_in_question) VALUES (203, 'O3', '2014-10-29 09:56:58.629', 'EN', '2014-10-29 09:56:58.629', 1, 'Philip 2th King of Spain', 1, 1, 200, 2);
INSERT INTO question_option (id, code, created_date, language, last_modified_date, version, title, createdby_id, lastmodifiedby_id, question_id, order_in_question) VALUES (204, 'O4', '2014-10-29 09:56:58.645', 'EN', '2014-10-29 09:56:58.645', 1, 'Julius Caesar', 1, 1, 200, 3);
INSERT INTO question_option (id, code, created_date, language, last_modified_date, version, title, createdby_id, lastmodifiedby_id, question_id, order_in_question) VALUES (227, 'O1', '2014-10-29 09:56:59.852', 'EN', '2014-10-29 09:56:59.852', 1, 'Norway', 1, 1, 226, 0);
INSERT INTO question_option (id, code, created_date, language, last_modified_date, version, title, createdby_id, lastmodifiedby_id, question_id, order_in_question) VALUES (228, 'O2', '2014-10-29 09:56:59.852', 'EN', '2014-10-29 09:56:59.852', 1, 'Sweden', 1, 1, 226, 1);
INSERT INTO question_option (id, code, created_date, language, last_modified_date, version, title, createdby_id, lastmodifiedby_id, question_id, order_in_question) VALUES (229, 'O3', '2014-10-29 09:56:59.852', 'EN', '2014-10-29 09:56:59.852', 1, 'Denmark', 1, 1, 226, 2);
INSERT INTO question_option (id, code, created_date, language, last_modified_date, version, title, createdby_id, lastmodifiedby_id, question_id, order_in_question) VALUES (230, 'O4', '2014-10-29 09:56:59.852', 'EN', '2014-10-29 09:56:59.852', 1, 'Iceland', 1, 1, 226, 3);
INSERT INTO question_option (id, code, created_date, language, last_modified_date, version, title, createdby_id, lastmodifiedby_id, question_id, order_in_question) VALUES (239, 'O1', '2014-10-29 09:57:00.024', 'EN', '2014-10-29 09:57:00.024', 1, 'Vatican City', 1, 1, 238, 0);
INSERT INTO question_option (id, code, created_date, language, last_modified_date, version, title, createdby_id, lastmodifiedby_id, question_id, order_in_question) VALUES (240, 'O2', '2014-10-29 09:57:00.024', 'EN', '2014-10-29 09:57:00.024', 1, 'Roma', 1, 1, 238, 1);
INSERT INTO question_option (id, code, created_date, language, last_modified_date, version, title, createdby_id, lastmodifiedby_id, question_id, order_in_question) VALUES (241, 'O3', '2014-10-29 09:57:00.024', 'EN', '2014-10-29 09:57:00.024', 1, 'Helsinki', 1, 1, 238, 2);
INSERT INTO question_option (id, code, created_date, language, last_modified_date, version, title, createdby_id, lastmodifiedby_id, question_id, order_in_question) VALUES (242, 'O4', '2014-10-29 09:57:00.039', 'EN', '2014-10-29 09:57:00.039', 1, 'Viena', 1, 1, 238, 3);
INSERT INTO question_option (id, code, created_date, language, last_modified_date, version, title, createdby_id, lastmodifiedby_id, question_id, order_in_question) VALUES (251, 'O1', '2014-10-29 09:57:00.211', 'EN', '2014-10-29 09:57:00.211', 1, 'Westphalia', 1, 1, 250, 0);
INSERT INTO question_option (id, code, created_date, language, last_modified_date, version, title, createdby_id, lastmodifiedby_id, question_id, order_in_question) VALUES (252, 'O2', '2014-10-29 09:57:00.211', 'EN', '2014-10-29 09:57:00.211', 1, 'Rome', 1, 1, 250, 1);
INSERT INTO question_option (id, code, created_date, language, last_modified_date, version, title, createdby_id, lastmodifiedby_id, question_id, order_in_question) VALUES (253, 'O3', '2014-10-29 09:57:00.211', 'EN', '2014-10-29 09:57:00.211', 1, 'Brussels', 1, 1, 250, 2);
INSERT INTO question_option (id, code, created_date, language, last_modified_date, version, title, createdby_id, lastmodifiedby_id, question_id, order_in_question) VALUES (254, 'O4', '2014-10-29 09:57:00.211', 'EN', '2014-10-29 09:57:00.211', 1, 'Versailles', 1, 1, 250, 3);
INSERT INTO question_option (id, code, created_date, language, last_modified_date, version, title, createdby_id, lastmodifiedby_id, question_id, order_in_question) VALUES (261, 'O1', '2014-10-29 09:57:00.356', 'EN', '2014-10-29 09:57:00.356', 1, 'Norway', 1, 1, 260, 0);
INSERT INTO question_option (id, code, created_date, language, last_modified_date, version, title, createdby_id, lastmodifiedby_id, question_id, order_in_question) VALUES (262, 'O2', '2014-10-29 09:57:00.356', 'EN', '2014-10-29 09:57:00.356', 1, 'Poland', 1, 1, 260, 1);
INSERT INTO question_option (id, code, created_date, language, last_modified_date, version, title, createdby_id, lastmodifiedby_id, question_id, order_in_question) VALUES (263, 'O3', '2014-10-29 09:57:00.371', 'EN', '2014-10-29 09:57:00.371', 1, 'Macedonia', 1, 1, 260, 2);
INSERT INTO question_option (id, code, created_date, language, last_modified_date, version, title, createdby_id, lastmodifiedby_id, question_id, order_in_question) VALUES (264, 'O4', '2014-10-29 09:57:00.371', 'EN', '2014-10-29 09:57:00.371', 1, 'Chipre', 1, 1, 260, 3);
INSERT INTO question_option (id, code, created_date, language, last_modified_date, version, title, createdby_id, lastmodifiedby_id, question_id, order_in_question) VALUES (273, 'O1', '2014-10-29 09:57:00.543', 'EN', '2014-10-29 09:57:00.543', 1, 'Barcelona', 1, 1, 272, 0);
INSERT INTO question_option (id, code, created_date, language, last_modified_date, version, title, createdby_id, lastmodifiedby_id, question_id, order_in_question) VALUES (274, 'O2', '2014-10-29 09:57:00.543', 'EN', '2014-10-29 09:57:00.543', 1, 'Lisboa', 1, 1, 272, 1);
INSERT INTO question_option (id, code, created_date, language, last_modified_date, version, title, createdby_id, lastmodifiedby_id, question_id, order_in_question) VALUES (275, 'O3', '2014-10-29 09:57:00.559', 'EN', '2014-10-29 09:57:00.559', 1, 'Genoa', 1, 1, 272, 2);
INSERT INTO question_option (id, code, created_date, language, last_modified_date, version, title, createdby_id, lastmodifiedby_id, question_id, order_in_question) VALUES (276, 'O4', '2014-10-29 09:57:00.559', 'EN', '2014-10-29 09:57:00.559', 1, 'Roma', 1, 1, 272, 3);
INSERT INTO question_option (id, code, created_date, language, last_modified_date, version, title, createdby_id, lastmodifiedby_id, question_id, order_in_question) VALUES (283, 'O1', '2014-10-29 09:57:00.653', 'EN', '2014-10-29 09:57:00.653', 1, 'Portuguese Empire', 1, 1, 282, 0);
INSERT INTO question_option (id, code, created_date, language, last_modified_date, version, title, createdby_id, lastmodifiedby_id, question_id, order_in_question) VALUES (284, 'O2', '2014-10-29 09:57:00.653', 'EN', '2014-10-29 09:57:00.653', 1, 'British Empire', 1, 1, 282, 1);
INSERT INTO question_option (id, code, created_date, language, last_modified_date, version, title, createdby_id, lastmodifiedby_id, question_id, order_in_question) VALUES (285, 'O3', '2014-10-29 09:57:00.653', 'EN', '2014-10-29 09:57:00.653', 1, 'Spanish Empire', 1, 1, 282, 2);
INSERT INTO question_option (id, code, created_date, language, last_modified_date, version, title, createdby_id, lastmodifiedby_id, question_id, order_in_question) VALUES (295, 'O1', '2014-10-29 09:57:00.84', 'EN', '2014-10-29 09:57:00.84', 1, 'Adolph Hitler', 1, 1, 294, 0);
INSERT INTO question_option (id, code, created_date, language, last_modified_date, version, title, createdby_id, lastmodifiedby_id, question_id, order_in_question) VALUES (286, 'O4', '2014-10-29 09:57:00.653', 'EN', '2014-10-29 09:57:00.653', 1, 'Dutch Empire', 1, 1, 282, 3);
INSERT INTO question_option (id, code, created_date, language, last_modified_date, version, title, createdby_id, lastmodifiedby_id, question_id, order_in_question) VALUES (630, 'O1', '2014-10-29 09:57:06.487', 'EN', '2014-10-29 09:57:06.487', 1, 'Yes', 1, 1, 629, 0);
INSERT INTO question_option (id, code, created_date, language, last_modified_date, version, title, createdby_id, lastmodifiedby_id, question_id, order_in_question) VALUES (631, 'O2', '2014-10-29 09:57:06.487', 'EN', '2014-10-29 09:57:06.487', 1, 'No', 1, 1, 629, 1);
INSERT INTO question_option (id, code, created_date, language, last_modified_date, version, title, createdby_id, lastmodifiedby_id, question_id, order_in_question) VALUES (632, 'O3', '2014-10-29 09:57:06.487', 'EN', '2014-10-29 09:57:06.487', 1, 'Did not need to', 1, 1, 629, 2);
INSERT INTO question_option (id, code, created_date, language, last_modified_date, version, title, createdby_id, lastmodifiedby_id, question_id, order_in_question) VALUES (296, 'O2', '2014-10-29 09:57:00.84', 'EN', '2014-10-29 09:57:00.84', 1, 'Napoleon', 1, 1, 294, 1);
INSERT INTO question_option (id, code, created_date, language, last_modified_date, version, title, createdby_id, lastmodifiedby_id, question_id, order_in_question) VALUES (297, 'O3', '2014-10-29 09:57:00.84', 'EN', '2014-10-29 09:57:00.84', 1, 'Philip 2th King of Spain', 1, 1, 294, 2);
INSERT INTO question_option (id, code, created_date, language, last_modified_date, version, title, createdby_id, lastmodifiedby_id, question_id, order_in_question) VALUES (298, 'O4', '2014-10-29 09:57:00.84', 'EN', '2014-10-29 09:57:00.84', 1, 'Julius Caesar', 1, 1, 294, 3);
INSERT INTO question_option (id, code, created_date, language, last_modified_date, version, title, createdby_id, lastmodifiedby_id, question_id, order_in_question) VALUES (336, 'O1', '2014-10-29 09:57:02.173', 'EN', '2014-10-29 09:57:02.173', 1, 'Norway', 1, 1, 335, 0);
INSERT INTO question_option (id, code, created_date, language, last_modified_date, version, title, createdby_id, lastmodifiedby_id, question_id, order_in_question) VALUES (337, 'O2', '2014-10-29 09:57:02.173', 'EN', '2014-10-29 09:57:02.173', 1, 'Sweden', 1, 1, 335, 1);
INSERT INTO question_option (id, code, created_date, language, last_modified_date, version, title, createdby_id, lastmodifiedby_id, question_id, order_in_question) VALUES (338, 'O3', '2014-10-29 09:57:02.173', 'EN', '2014-10-29 09:57:02.173', 1, 'Denmark', 1, 1, 335, 2);
INSERT INTO question_option (id, code, created_date, language, last_modified_date, version, title, createdby_id, lastmodifiedby_id, question_id, order_in_question) VALUES (339, 'O4', '2014-10-29 09:57:02.173', 'EN', '2014-10-29 09:57:02.173', 1, 'Iceland', 1, 1, 335, 3);
INSERT INTO question_option (id, code, created_date, language, last_modified_date, version, title, createdby_id, lastmodifiedby_id, question_id, order_in_question) VALUES (392, 'O1', '2014-10-29 09:57:02.737', 'EN', '2014-10-29 09:57:02.737', 1, 'Portuguese Empire', 1, 1, 391, 0);
INSERT INTO question_option (id, code, created_date, language, last_modified_date, version, title, createdby_id, lastmodifiedby_id, question_id, order_in_question) VALUES (393, 'O2', '2014-10-29 09:57:02.753', 'EN', '2014-10-29 09:57:02.753', 1, 'British Empire', 1, 1, 391, 1);
INSERT INTO question_option (id, code, created_date, language, last_modified_date, version, title, createdby_id, lastmodifiedby_id, question_id, order_in_question) VALUES (394, 'O3', '2014-10-29 09:57:02.753', 'EN', '2014-10-29 09:57:02.753', 1, 'Spanish Empire', 1, 1, 391, 2);
INSERT INTO question_option (id, code, created_date, language, last_modified_date, version, title, createdby_id, lastmodifiedby_id, question_id, order_in_question) VALUES (395, 'O4', '2014-10-29 09:57:02.753', 'EN', '2014-10-29 09:57:02.753', 1, 'Dutch Empire', 1, 1, 391, 3);
INSERT INTO question_option (id, code, created_date, language, last_modified_date, version, title, createdby_id, lastmodifiedby_id, question_id, order_in_question) VALUES (570, 'O1', '2014-10-29 09:57:05.513', 'EN', '2014-10-29 09:57:05.513', 1, 'under 25,000', 1, 1, 569, 0);
INSERT INTO question_option (id, code, created_date, language, last_modified_date, version, title, createdby_id, lastmodifiedby_id, question_id, order_in_question) VALUES (571, 'O2', '2014-10-29 09:57:05.513', 'EN', '2014-10-29 09:57:05.513', 1, '25,000 - 29,999', 1, 1, 569, 1);
INSERT INTO question_option (id, code, created_date, language, last_modified_date, version, title, createdby_id, lastmodifiedby_id, question_id, order_in_question) VALUES (572, 'O3', '2014-10-29 09:57:05.513', 'EN', '2014-10-29 09:57:05.513', 1, '30,000 - 34,999', 1, 1, 569, 2);
INSERT INTO question_option (id, code, created_date, language, last_modified_date, version, title, createdby_id, lastmodifiedby_id, question_id, order_in_question) VALUES (573, 'O4', '2014-10-29 09:57:05.513', 'EN', '2014-10-29 09:57:05.513', 1, '35,000 - 39,999', 1, 1, 569, 3);
INSERT INTO question_option (id, code, created_date, language, last_modified_date, version, title, createdby_id, lastmodifiedby_id, question_id, order_in_question) VALUES (574, 'O5', '2014-10-29 09:57:05.513', 'EN', '2014-10-29 09:57:05.513', 1, 'Over 85,000', 1, 1, 569, 4);
INSERT INTO question_option (id, code, created_date, language, last_modified_date, version, title, createdby_id, lastmodifiedby_id, question_id, order_in_question) VALUES (584, 'yes', '2014-10-29 09:57:05.982', 'EN', '2014-10-29 09:57:05.982', 1, 'Yes', 1, 1, 583, 0);
INSERT INTO question_option (id, code, created_date, language, last_modified_date, version, title, createdby_id, lastmodifiedby_id, question_id, order_in_question) VALUES (585, 'no', '2014-10-29 09:57:05.982', 'EN', '2014-10-29 09:57:05.982', 1, 'No', 1, 1, 583, 1);
INSERT INTO question_option (id, code, created_date, language, last_modified_date, version, title, createdby_id, lastmodifiedby_id, question_id, order_in_question) VALUES (589, 'O1', '2014-10-29 09:57:06.075', 'EN', '2014-10-29 09:57:06.075', 1, 'Excessive usage of resources (such as CPU, memory, disk, network, etc)', 1, 1, 588, 0);
INSERT INTO question_option (id, code, created_date, language, last_modified_date, version, title, createdby_id, lastmodifiedby_id, question_id, order_in_question) VALUES (590, 'O2', '2014-10-29 09:57:06.075', 'EN', '2014-10-29 09:57:06.075', 1, 'Slow user transactions', 1, 1, 588, 1);
INSERT INTO question_option (id, code, created_date, language, last_modified_date, version, title, createdby_id, lastmodifiedby_id, question_id, order_in_question) VALUES (591, 'O3', '2014-10-29 09:57:06.075', 'EN', '2014-10-29 09:57:06.075', 1, 'Failing user transactions', 1, 1, 588, 2);
INSERT INTO question_option (id, code, created_date, language, last_modified_date, version, title, createdby_id, lastmodifiedby_id, question_id, order_in_question) VALUES (592, 'O4', '2014-10-29 09:57:06.075', 'EN', '2014-10-29 09:57:06.075', 1, 'Complete service outage', 1, 1, 588, 3);
INSERT INTO question_option (id, code, created_date, language, last_modified_date, version, title, createdby_id, lastmodifiedby_id, question_id, order_in_question) VALUES (348, 'O1', '2014-10-29 09:57:02.3', 'EN', '2014-10-29 09:57:02.3', 1, 'Vatican City', 1, 1, 347, 0);
INSERT INTO question_option (id, code, created_date, language, last_modified_date, version, title, createdby_id, lastmodifiedby_id, question_id, order_in_question) VALUES (349, 'O2', '2014-10-29 09:57:02.3', 'EN', '2014-10-29 09:57:02.3', 1, 'Roma', 1, 1, 347, 1);
INSERT INTO question_option (id, code, created_date, language, last_modified_date, version, title, createdby_id, lastmodifiedby_id, question_id, order_in_question) VALUES (350, 'O3', '2014-10-29 09:57:02.3', 'EN', '2014-10-29 09:57:02.3', 1, 'Helsinki', 1, 1, 347, 2);
INSERT INTO question_option (id, code, created_date, language, last_modified_date, version, title, createdby_id, lastmodifiedby_id, question_id, order_in_question) VALUES (351, 'O4', '2014-10-29 09:57:02.3', 'EN', '2014-10-29 09:57:02.3', 1, 'Viena', 1, 1, 347, 3);
INSERT INTO question_option (id, code, created_date, language, last_modified_date, version, title, createdby_id, lastmodifiedby_id, question_id, order_in_question) VALUES (360, 'O1', '2014-10-29 09:57:02.425', 'EN', '2014-10-29 09:57:02.425', 1, 'Westphalia', 1, 1, 359, 0);
INSERT INTO question_option (id, code, created_date, language, last_modified_date, version, title, createdby_id, lastmodifiedby_id, question_id, order_in_question) VALUES (361, 'O2', '2014-10-29 09:57:02.425', 'EN', '2014-10-29 09:57:02.425', 1, 'Rome', 1, 1, 359, 1);
INSERT INTO question_option (id, code, created_date, language, last_modified_date, version, title, createdby_id, lastmodifiedby_id, question_id, order_in_question) VALUES (362, 'O3', '2014-10-29 09:57:02.425', 'EN', '2014-10-29 09:57:02.425', 1, 'Brussels', 1, 1, 359, 2);
INSERT INTO question_option (id, code, created_date, language, last_modified_date, version, title, createdby_id, lastmodifiedby_id, question_id, order_in_question) VALUES (363, 'O4', '2014-10-29 09:57:02.425', 'EN', '2014-10-29 09:57:02.425', 1, 'Versailles', 1, 1, 359, 3);
INSERT INTO question_option (id, code, created_date, language, last_modified_date, version, title, createdby_id, lastmodifiedby_id, question_id, order_in_question) VALUES (370, 'O1', '2014-10-29 09:57:02.519', 'EN', '2014-10-29 09:57:02.519', 1, 'Norway', 1, 1, 369, 0);
INSERT INTO question_option (id, code, created_date, language, last_modified_date, version, title, createdby_id, lastmodifiedby_id, question_id, order_in_question) VALUES (371, 'O2', '2014-10-29 09:57:02.519', 'EN', '2014-10-29 09:57:02.519', 1, 'Poland', 1, 1, 369, 1);
INSERT INTO question_option (id, code, created_date, language, last_modified_date, version, title, createdby_id, lastmodifiedby_id, question_id, order_in_question) VALUES (372, 'O3', '2014-10-29 09:57:02.519', 'EN', '2014-10-29 09:57:02.519', 1, 'Macedonia', 1, 1, 369, 2);
INSERT INTO question_option (id, code, created_date, language, last_modified_date, version, title, createdby_id, lastmodifiedby_id, question_id, order_in_question) VALUES (373, 'O4', '2014-10-29 09:57:02.519', 'EN', '2014-10-29 09:57:02.519', 1, 'Chipre', 1, 1, 369, 3);
INSERT INTO question_option (id, code, created_date, language, last_modified_date, version, title, createdby_id, lastmodifiedby_id, question_id, order_in_question) VALUES (382, 'O1', '2014-10-29 09:57:02.659', 'EN', '2014-10-29 09:57:02.659', 1, 'Barcelona', 1, 1, 381, 0);
INSERT INTO question_option (id, code, created_date, language, last_modified_date, version, title, createdby_id, lastmodifiedby_id, question_id, order_in_question) VALUES (383, 'O2', '2014-10-29 09:57:02.659', 'EN', '2014-10-29 09:57:02.659', 1, 'Lisboa', 1, 1, 381, 1);
INSERT INTO question_option (id, code, created_date, language, last_modified_date, version, title, createdby_id, lastmodifiedby_id, question_id, order_in_question) VALUES (384, 'O3', '2014-10-29 09:57:02.659', 'EN', '2014-10-29 09:57:02.659', 1, 'Genoa', 1, 1, 381, 2);
INSERT INTO question_option (id, code, created_date, language, last_modified_date, version, title, createdby_id, lastmodifiedby_id, question_id, order_in_question) VALUES (385, 'O4', '2014-10-29 09:57:02.659', 'EN', '2014-10-29 09:57:02.659', 1, 'Roma', 1, 1, 381, 3);
INSERT INTO question_option (id, code, created_date, language, last_modified_date, version, title, createdby_id, lastmodifiedby_id, question_id, order_in_question) VALUES (404, 'O1', '2014-10-29 09:57:02.878', 'EN', '2014-10-29 09:57:02.878', 1, 'Adolph Hitler', 1, 1, 403, 0);
INSERT INTO question_option (id, code, created_date, language, last_modified_date, version, title, createdby_id, lastmodifiedby_id, question_id, order_in_question) VALUES (405, 'O2', '2014-10-29 09:57:02.878', 'EN', '2014-10-29 09:57:02.878', 1, 'Napoleon', 1, 1, 403, 1);
INSERT INTO question_option (id, code, created_date, language, last_modified_date, version, title, createdby_id, lastmodifiedby_id, question_id, order_in_question) VALUES (406, 'O3', '2014-10-29 09:57:02.894', 'EN', '2014-10-29 09:57:02.894', 1, 'Philip 2th King of Spain', 1, 1, 403, 2);
INSERT INTO question_option (id, code, created_date, language, last_modified_date, version, title, createdby_id, lastmodifiedby_id, question_id, order_in_question) VALUES (407, 'O4', '2014-10-29 09:57:02.894', 'EN', '2014-10-29 09:57:02.894', 1, 'Julius Caesar', 1, 1, 403, 3);
INSERT INTO question_option (id, code, created_date, language, last_modified_date, version, title, createdby_id, lastmodifiedby_id, question_id, order_in_question) VALUES (445, 'O1', '2014-10-29 09:57:03.834', 'EN', '2014-10-29 09:57:03.834', 1, 'Norway', 1, 1, 444, 0);
INSERT INTO question_option (id, code, created_date, language, last_modified_date, version, title, createdby_id, lastmodifiedby_id, question_id, order_in_question) VALUES (446, 'O2', '2014-10-29 09:57:03.834', 'EN', '2014-10-29 09:57:03.834', 1, 'Sweden', 1, 1, 444, 1);
INSERT INTO question_option (id, code, created_date, language, last_modified_date, version, title, createdby_id, lastmodifiedby_id, question_id, order_in_question) VALUES (447, 'O3', '2014-10-29 09:57:03.834', 'EN', '2014-10-29 09:57:03.834', 1, 'Denmark', 1, 1, 444, 2);
INSERT INTO question_option (id, code, created_date, language, last_modified_date, version, title, createdby_id, lastmodifiedby_id, question_id, order_in_question) VALUES (448, 'O4', '2014-10-29 09:57:03.85', 'EN', '2014-10-29 09:57:03.85', 1, 'Iceland', 1, 1, 444, 3);
INSERT INTO question_option (id, code, created_date, language, last_modified_date, version, title, createdby_id, lastmodifiedby_id, question_id, order_in_question) VALUES (457, 'O1', '2014-10-29 09:57:03.975', 'EN', '2014-10-29 09:57:03.975', 1, 'Vatican City', 1, 1, 456, 0);
INSERT INTO question_option (id, code, created_date, language, last_modified_date, version, title, createdby_id, lastmodifiedby_id, question_id, order_in_question) VALUES (458, 'O2', '2014-10-29 09:57:03.975', 'EN', '2014-10-29 09:57:03.975', 1, 'Roma', 1, 1, 456, 1);
INSERT INTO question_option (id, code, created_date, language, last_modified_date, version, title, createdby_id, lastmodifiedby_id, question_id, order_in_question) VALUES (459, 'O3', '2014-10-29 09:57:03.975', 'EN', '2014-10-29 09:57:03.975', 1, 'Helsinki', 1, 1, 456, 2);
INSERT INTO question_option (id, code, created_date, language, last_modified_date, version, title, createdby_id, lastmodifiedby_id, question_id, order_in_question) VALUES (460, 'O4', '2014-10-29 09:57:03.975', 'EN', '2014-10-29 09:57:03.975', 1, 'Viena', 1, 1, 456, 3);
INSERT INTO question_option (id, code, created_date, language, last_modified_date, version, title, createdby_id, lastmodifiedby_id, question_id, order_in_question) VALUES (491, 'O1', '2014-10-29 09:57:04.323', 'EN', '2014-10-29 09:57:04.323', 1, 'Barcelona', 1, 1, 490, 0);
INSERT INTO question_option (id, code, created_date, language, last_modified_date, version, title, createdby_id, lastmodifiedby_id, question_id, order_in_question) VALUES (492, 'O2', '2014-10-29 09:57:04.323', 'EN', '2014-10-29 09:57:04.323', 1, 'Lisboa', 1, 1, 490, 1);
INSERT INTO question_option (id, code, created_date, language, last_modified_date, version, title, createdby_id, lastmodifiedby_id, question_id, order_in_question) VALUES (493, 'O3', '2014-10-29 09:57:04.323', 'EN', '2014-10-29 09:57:04.323', 1, 'Genoa', 1, 1, 490, 2);
INSERT INTO question_option (id, code, created_date, language, last_modified_date, version, title, createdby_id, lastmodifiedby_id, question_id, order_in_question) VALUES (494, 'O4', '2014-10-29 09:57:04.323', 'EN', '2014-10-29 09:57:04.323', 1, 'Roma', 1, 1, 490, 3);
INSERT INTO question_option (id, code, created_date, language, last_modified_date, version, title, createdby_id, lastmodifiedby_id, question_id, order_in_question) VALUES (501, 'O1', '2014-10-29 09:57:04.401', 'EN', '2014-10-29 09:57:04.401', 1, 'Portuguese Empire', 1, 1, 500, 0);
INSERT INTO question_option (id, code, created_date, language, last_modified_date, version, title, createdby_id, lastmodifiedby_id, question_id, order_in_question) VALUES (502, 'O2', '2014-10-29 09:57:04.401', 'EN', '2014-10-29 09:57:04.401', 1, 'British Empire', 1, 1, 500, 1);
INSERT INTO question_option (id, code, created_date, language, last_modified_date, version, title, createdby_id, lastmodifiedby_id, question_id, order_in_question) VALUES (503, 'O3', '2014-10-29 09:57:04.417', 'EN', '2014-10-29 09:57:04.417', 1, 'Spanish Empire', 1, 1, 500, 2);
INSERT INTO question_option (id, code, created_date, language, last_modified_date, version, title, createdby_id, lastmodifiedby_id, question_id, order_in_question) VALUES (504, 'O4', '2014-10-29 09:57:04.417', 'EN', '2014-10-29 09:57:04.417', 1, 'Dutch Empire', 1, 1, 500, 3);
INSERT INTO question_option (id, code, created_date, language, last_modified_date, version, title, createdby_id, lastmodifiedby_id, question_id, order_in_question) VALUES (513, 'O1', '2014-10-29 09:57:04.542', 'EN', '2014-10-29 09:57:04.542', 1, 'Adolph Hitler', 1, 1, 512, 0);
INSERT INTO question_option (id, code, created_date, language, last_modified_date, version, title, createdby_id, lastmodifiedby_id, question_id, order_in_question) VALUES (514, 'O2', '2014-10-29 09:57:04.542', 'EN', '2014-10-29 09:57:04.542', 1, 'Napoleon', 1, 1, 512, 1);
INSERT INTO question_option (id, code, created_date, language, last_modified_date, version, title, createdby_id, lastmodifiedby_id, question_id, order_in_question) VALUES (515, 'O3', '2014-10-29 09:57:04.542', 'EN', '2014-10-29 09:57:04.542', 1, 'Philip 2th King of Spain', 1, 1, 512, 2);
INSERT INTO question_option (id, code, created_date, language, last_modified_date, version, title, createdby_id, lastmodifiedby_id, question_id, order_in_question) VALUES (516, 'O4', '2014-10-29 09:57:04.542', 'EN', '2014-10-29 09:57:04.542', 1, 'Julius Caesar', 1, 1, 512, 3);
INSERT INTO question_option (id, code, created_date, language, last_modified_date, version, title, createdby_id, lastmodifiedby_id, question_id, order_in_question) VALUES (594, 'O1', '2014-10-29 09:57:06.122', 'EN', '2014-10-29 09:57:06.122', 1, 'Support calls / e-mails', 1, 1, 593, 0);
INSERT INTO question_option (id, code, created_date, language, last_modified_date, version, title, createdby_id, lastmodifiedby_id, question_id, order_in_question) VALUES (595, 'O2', '2014-10-29 09:57:06.138', 'EN', '2014-10-29 09:57:06.138', 1, 'Load / stress tests', 1, 1, 593, 1);
INSERT INTO question_option (id, code, created_date, language, last_modified_date, version, title, createdby_id, lastmodifiedby_id, question_id, order_in_question) VALUES (596, 'O3', '2014-10-29 09:57:06.138', 'EN', '2014-10-29 09:57:06.138', 1, 'Monitoring software', 1, 1, 593, 2);
INSERT INTO question_option (id, code, created_date, language, last_modified_date, version, title, createdby_id, lastmodifiedby_id, question_id, order_in_question) VALUES (598, 'O1', '2014-10-29 09:57:06.185', 'EN', '2014-10-29 09:57:06.185', 1, 'Yes', 1, 1, 597, 0);
INSERT INTO question_option (id, code, created_date, language, last_modified_date, version, title, createdby_id, lastmodifiedby_id, question_id, order_in_question) VALUES (599, 'O2', '2014-10-29 09:57:06.185', 'EN', '2014-10-29 09:57:06.185', 1, 'No', 1, 1, 597, 1);
INSERT INTO question_option (id, code, created_date, language, last_modified_date, version, title, createdby_id, lastmodifiedby_id, question_id, order_in_question) VALUES (600, 'O3', '2014-10-29 09:57:06.185', 'EN', '2014-10-29 09:57:06.185', 1, 'Don''t know', 1, 1, 597, 2);
INSERT INTO question_option (id, code, created_date, language, last_modified_date, version, title, createdby_id, lastmodifiedby_id, question_id, order_in_question) VALUES (618, 'O1', '2014-10-29 09:57:06.362', 'EN', '2014-10-29 09:57:06.362', 1, 'Application Performance Management (APM) tools', 1, 1, 617, 0);
INSERT INTO question_option (id, code, created_date, language, last_modified_date, version, title, createdby_id, lastmodifiedby_id, question_id, order_in_question) VALUES (619, 'O2', '2014-10-29 09:57:06.362', 'EN', '2014-10-29 09:57:06.362', 1, 'Application Logs', 1, 1, 617, 1);
INSERT INTO question_option (id, code, created_date, language, last_modified_date, version, title, createdby_id, lastmodifiedby_id, question_id, order_in_question) VALUES (620, 'O3', '2014-10-29 09:57:06.377', 'EN', '2014-10-29 09:57:06.377', 1, 'Database Logs', 1, 1, 617, 2);
INSERT INTO question_option (id, code, created_date, language, last_modified_date, version, title, createdby_id, lastmodifiedby_id, question_id, order_in_question) VALUES (621, 'O4', '2014-10-29 09:57:06.377', 'EN', '2014-10-29 09:57:06.377', 1, 'Debuggers', 1, 1, 617, 3);
INSERT INTO question_option (id, code, created_date, language, last_modified_date, version, title, createdby_id, lastmodifiedby_id, question_id, order_in_question) VALUES (622, 'O5', '2014-10-29 09:57:06.377', 'EN', '2014-10-29 09:57:06.377', 1, 'Garbage Collection Logs', 1, 1, 617, 4);
INSERT INTO question_option (id, code, created_date, language, last_modified_date, version, title, createdby_id, lastmodifiedby_id, question_id, order_in_question) VALUES (623, 'O6', '2014-10-29 09:57:06.377', 'EN', '2014-10-29 09:57:06.377', 1, 'JVM built-in tooling (jconsole, jmc, jstat, jmap, etc)', 1, 1, 617, 5);
INSERT INTO question_option (id, code, created_date, language, last_modified_date, version, title, createdby_id, lastmodifiedby_id, question_id, order_in_question) VALUES (624, 'O7', '2014-10-29 09:57:06.377', 'EN', '2014-10-29 09:57:06.377', 1, 'Memory Dump Analyzer', 1, 1, 617, 6);
INSERT INTO question_option (id, code, created_date, language, last_modified_date, version, title, createdby_id, lastmodifiedby_id, question_id, order_in_question) VALUES (625, 'O8', '2014-10-29 09:57:06.377', 'EN', '2014-10-29 09:57:06.377', 1, 'OS command-line tooling (top, free, sar, etc)', 1, 1, 617, 7);
INSERT INTO question_option (id, code, created_date, language, last_modified_date, version, title, createdby_id, lastmodifiedby_id, question_id, order_in_question) VALUES (626, 'O9', '2014-10-29 09:57:06.377', 'EN', '2014-10-29 09:57:06.377', 1, 'Profilers', 1, 1, 617, 8);
INSERT INTO question_option (id, code, created_date, language, last_modified_date, version, title, createdby_id, lastmodifiedby_id, question_id, order_in_question) VALUES (627, 'O10', '2014-10-29 09:57:06.377', 'EN', '2014-10-29 09:57:06.377', 1, 'Thread Dump Analyzer', 1, 1, 617, 9);
INSERT INTO question_option (id, code, created_date, language, last_modified_date, version, title, createdby_id, lastmodifiedby_id, question_id, order_in_question) VALUES (628, 'O11', '2014-10-29 09:57:06.377', 'EN', '2014-10-29 09:57:06.377', 1, 'I asked for external help', 1, 1, 617, 10);
INSERT INTO question_option (id, code, created_date, language, last_modified_date, version, title, createdby_id, lastmodifiedby_id, question_id, order_in_question) VALUES (634, 'O1', '2014-10-29 09:57:06.58', 'EN', '2014-10-29 09:57:06.58', 1, 'Inefficient/missing Caching', 1, 1, 633, 0);
INSERT INTO question_option (id, code, created_date, language, last_modified_date, version, title, createdby_id, lastmodifiedby_id, question_id, order_in_question) VALUES (635, 'O2', '2014-10-29 09:57:06.58', 'EN', '2014-10-29 09:57:06.58', 1, 'Insufficient/missing Database Connection Pooling', 1, 1, 633, 1);
INSERT INTO question_option (id, code, created_date, language, last_modified_date, version, title, createdby_id, lastmodifiedby_id, question_id, order_in_question) VALUES (636, 'O3', '2014-10-29 09:57:06.58', 'EN', '2014-10-29 09:57:06.58', 1, 'Slow Database Queries', 1, 1, 633, 2);
INSERT INTO question_option (id, code, created_date, language, last_modified_date, version, title, createdby_id, lastmodifiedby_id, question_id, order_in_question) VALUES (637, 'O4', '2014-10-29 09:57:06.58', 'EN', '2014-10-29 09:57:06.58', 1, 'Too many Database Queries', 1, 1, 633, 3);
INSERT INTO question_option (id, code, created_date, language, last_modified_date, version, title, createdby_id, lastmodifiedby_id, question_id, order_in_question) VALUES (638, 'O5', '2014-10-29 09:57:06.58', 'EN', '2014-10-29 09:57:06.58', 1, 'Excessive Disk IO', 1, 1, 633, 4);
INSERT INTO question_option (id, code, created_date, language, last_modified_date, version, title, createdby_id, lastmodifiedby_id, question_id, order_in_question) VALUES (641, 'O8', '2014-10-29 09:57:06.596', 'EN', '2014-10-29 09:57:06.596', 1, 'Memory Leak', 1, 1, 633, 7);
INSERT INTO question_option (id, code, created_date, language, last_modified_date, version, title, createdby_id, lastmodifiedby_id, question_id, order_in_question) VALUES (642, 'O9', '2014-10-29 09:57:06.596', 'EN', '2014-10-29 09:57:06.596', 1, 'Monolithic/Not Scalable Architecture', 1, 1, 633, 8);
INSERT INTO question_option (id, code, created_date, language, last_modified_date, version, title, createdby_id, lastmodifiedby_id, question_id, order_in_question) VALUES (643, 'O10', '2014-10-29 09:57:06.596', 'EN', '2014-10-29 09:57:06.596', 1, 'Excessive Network IO', 1, 1, 633, 9);
INSERT INTO question_option (id, code, created_date, language, last_modified_date, version, title, createdby_id, lastmodifiedby_id, question_id, order_in_question) VALUES (644, 'O11', '2014-10-29 09:57:06.596', 'EN', '2014-10-29 09:57:06.596', 1, 'Poor Transaction Configuration', 1, 1, 633, 10);
INSERT INTO question_option (id, code, created_date, language, last_modified_date, version, title, createdby_id, lastmodifiedby_id, question_id, order_in_question) VALUES (647, 'O14', '2014-10-29 09:57:06.596', 'EN', '2014-10-29 09:57:06.596', 1, 'I Do Not Have A Clue', 1, 1, 633, 13);
INSERT INTO question_option (id, code, created_date, language, last_modified_date, version, title, createdby_id, lastmodifiedby_id, question_id, order_in_question) VALUES (660, 'O1', '2014-10-29 09:57:07.221', 'EN', '2014-10-29 09:57:07.221', 1, 'Java developer', 1, 1, 659, 0);
INSERT INTO question_option (id, code, created_date, language, last_modified_date, version, title, createdby_id, lastmodifiedby_id, question_id, order_in_question) VALUES (661, 'O2', '2014-10-29 09:57:07.237', 'EN', '2014-10-29 09:57:07.237', 1, 'System administrator', 1, 1, 659, 1);
INSERT INTO question_option (id, code, created_date, language, last_modified_date, version, title, createdby_id, lastmodifiedby_id, question_id, order_in_question) VALUES (662, 'O4', '2014-10-29 09:57:07.237', 'EN', '2014-10-29 09:57:07.237', 1, 'Application administrator', 1, 1, 659, 2);
INSERT INTO question_option (id, code, created_date, language, last_modified_date, version, title, createdby_id, lastmodifiedby_id, question_id, order_in_question) VALUES (663, 'O5', '2014-10-29 09:57:07.237', 'EN', '2014-10-29 09:57:07.237', 1, 'Operations manager', 1, 1, 659, 3);
INSERT INTO question_option (id, code, created_date, language, last_modified_date, version, title, createdby_id, lastmodifiedby_id, question_id, order_in_question) VALUES (664, 'O6', '2014-10-29 09:57:07.237', 'EN', '2014-10-29 09:57:07.237', 1, 'Development manager', 1, 1, 659, 4);
INSERT INTO question_option (id, code, created_date, language, last_modified_date, version, title, createdby_id, lastmodifiedby_id, question_id, order_in_question) VALUES (469, 'O1', '2014-10-29 09:57:04.1', 'EN', '2014-10-29 09:57:04.1', 1, 'Westphalia', 1, 1, 468, 0);
INSERT INTO question_option (id, code, created_date, language, last_modified_date, version, title, createdby_id, lastmodifiedby_id, question_id, order_in_question) VALUES (470, 'O2', '2014-10-29 09:57:04.1', 'EN', '2014-10-29 09:57:04.1', 1, 'Rome', 1, 1, 468, 1);
INSERT INTO question_option (id, code, created_date, language, last_modified_date, version, title, createdby_id, lastmodifiedby_id, question_id, order_in_question) VALUES (471, 'O3', '2014-10-29 09:57:04.1', 'EN', '2014-10-29 09:57:04.1', 1, 'Brussels', 1, 1, 468, 2);
INSERT INTO question_option (id, code, created_date, language, last_modified_date, version, title, createdby_id, lastmodifiedby_id, question_id, order_in_question) VALUES (472, 'O4', '2014-10-29 09:57:04.1', 'EN', '2014-10-29 09:57:04.1', 1, 'Versailles', 1, 1, 468, 3);
INSERT INTO question_option (id, code, created_date, language, last_modified_date, version, title, createdby_id, lastmodifiedby_id, question_id, order_in_question) VALUES (479, 'O1', '2014-10-29 09:57:04.178', 'EN', '2014-10-29 09:57:04.178', 1, 'Norway', 1, 1, 478, 0);
INSERT INTO question_option (id, code, created_date, language, last_modified_date, version, title, createdby_id, lastmodifiedby_id, question_id, order_in_question) VALUES (480, 'O2', '2014-10-29 09:57:04.178', 'EN', '2014-10-29 09:57:04.178', 1, 'Poland', 1, 1, 478, 1);
INSERT INTO question_option (id, code, created_date, language, last_modified_date, version, title, createdby_id, lastmodifiedby_id, question_id, order_in_question) VALUES (481, 'O3', '2014-10-29 09:57:04.193', 'EN', '2014-10-29 09:57:04.193', 1, 'Macedonia', 1, 1, 478, 2);
INSERT INTO question_option (id, code, created_date, language, last_modified_date, version, title, createdby_id, lastmodifiedby_id, question_id, order_in_question) VALUES (482, 'O4', '2014-10-29 09:57:04.193', 'EN', '2014-10-29 09:57:04.193', 1, 'Chipre', 1, 1, 478, 3);
INSERT INTO question_option (id, code, created_date, language, last_modified_date, version, title, createdby_id, lastmodifiedby_id, question_id, order_in_question) VALUES (546, 'O1', '2014-10-29 09:57:05.294', 'EN', '2014-10-29 09:57:05.294', 1, 'Agree strongly', 1, 1, 545, 0);
INSERT INTO question_option (id, code, created_date, language, last_modified_date, version, title, createdby_id, lastmodifiedby_id, question_id, order_in_question) VALUES (547, 'O2', '2014-10-29 09:57:05.294', 'EN', '2014-10-29 09:57:05.294', 1, 'Agree somewhat', 1, 1, 545, 1);
INSERT INTO question_option (id, code, created_date, language, last_modified_date, version, title, createdby_id, lastmodifiedby_id, question_id, order_in_question) VALUES (548, 'O3', '2014-10-29 09:57:05.294', 'EN', '2014-10-29 09:57:05.294', 1, 'Neither agree nor disagree', 1, 1, 545, 2);
INSERT INTO question_option (id, code, created_date, language, last_modified_date, version, title, createdby_id, lastmodifiedby_id, question_id, order_in_question) VALUES (549, 'O4', '2014-10-29 09:57:05.294', 'EN', '2014-10-29 09:57:05.294', 1, 'Disagree somewhat', 1, 1, 545, 3);
INSERT INTO question_option (id, code, created_date, language, last_modified_date, version, title, createdby_id, lastmodifiedby_id, question_id, order_in_question) VALUES (550, 'O5', '2014-10-29 09:57:05.294', 'EN', '2014-10-29 09:57:05.294', 1, 'Agree strongly', 1, 1, 545, 4);
INSERT INTO question_option (id, code, created_date, language, last_modified_date, version, title, createdby_id, lastmodifiedby_id, question_id, order_in_question) VALUES (551, 'O6', '2014-10-29 09:57:05.294', 'EN', '2014-10-29 09:57:05.294', 1, 'Disagree strongly', 1, 1, 545, 5);
INSERT INTO question_option (id, code, created_date, language, last_modified_date, version, title, createdby_id, lastmodifiedby_id, question_id, order_in_question) VALUES (557, 'O1', '2014-10-29 09:57:05.388', 'EN', '2014-10-29 09:57:05.388', 1, 'Agree strongly', 1, 1, 556, 0);
INSERT INTO question_option (id, code, created_date, language, last_modified_date, version, title, createdby_id, lastmodifiedby_id, question_id, order_in_question) VALUES (558, 'O2', '2014-10-29 09:57:05.388', 'EN', '2014-10-29 09:57:05.388', 1, 'Agree somewhat', 1, 1, 556, 1);
INSERT INTO question_option (id, code, created_date, language, last_modified_date, version, title, createdby_id, lastmodifiedby_id, question_id, order_in_question) VALUES (559, 'O3', '2014-10-29 09:57:05.388', 'EN', '2014-10-29 09:57:05.388', 1, 'Neither agree nor disagree', 1, 1, 556, 2);
INSERT INTO question_option (id, code, created_date, language, last_modified_date, version, title, createdby_id, lastmodifiedby_id, question_id, order_in_question) VALUES (560, 'O4', '2014-10-29 09:57:05.388', 'EN', '2014-10-29 09:57:05.388', 1, 'Disagree somewhat', 1, 1, 556, 3);
INSERT INTO question_option (id, code, created_date, language, last_modified_date, version, title, createdby_id, lastmodifiedby_id, question_id, order_in_question) VALUES (561, 'O5', '2014-10-29 09:57:05.388', 'EN', '2014-10-29 09:57:05.388', 1, 'Agree strongly', 1, 1, 556, 4);
INSERT INTO question_option (id, code, created_date, language, last_modified_date, version, title, createdby_id, lastmodifiedby_id, question_id, order_in_question) VALUES (562, 'O6', '2014-10-29 09:57:05.404', 'EN', '2014-10-29 09:57:05.404', 1, 'Disagree strongly', 1, 1, 556, 5);
INSERT INTO question_option (id, code, created_date, language, last_modified_date, version, title, createdby_id, lastmodifiedby_id, question_id, order_in_question) VALUES (602, 'O1', '2014-10-29 09:57:06.232', 'EN', '2014-10-29 09:57:06.232', 1, 'None', 1, 1, 601, 0);
INSERT INTO question_option (id, code, created_date, language, last_modified_date, version, title, createdby_id, lastmodifiedby_id, question_id, order_in_question) VALUES (603, 'O2', '2014-10-29 09:57:06.232', 'EN', '2014-10-29 09:57:06.232', 1, 'AppDynamics', 1, 1, 601, 1);
INSERT INTO question_option (id, code, created_date, language, last_modified_date, version, title, createdby_id, lastmodifiedby_id, question_id, order_in_question) VALUES (604, 'O3', '2014-10-29 09:57:06.232', 'EN', '2014-10-29 09:57:06.232', 1, 'AppNeta', 1, 1, 601, 2);
INSERT INTO question_option (id, code, created_date, language, last_modified_date, version, title, createdby_id, lastmodifiedby_id, question_id, order_in_question) VALUES (605, 'O4', '2014-10-29 09:57:06.247', 'EN', '2014-10-29 09:57:06.247', 1, 'BMC Software APM', 1, 1, 601, 3);
INSERT INTO question_option (id, code, created_date, language, last_modified_date, version, title, createdby_id, lastmodifiedby_id, question_id, order_in_question) VALUES (606, 'O5', '2014-10-29 09:57:06.247', 'EN', '2014-10-29 09:57:06.247', 1, 'CA APM', 1, 1, 601, 4);
INSERT INTO question_option (id, code, created_date, language, last_modified_date, version, title, createdby_id, lastmodifiedby_id, question_id, order_in_question) VALUES (607, 'O6', '2014-10-29 09:57:06.247', 'EN', '2014-10-29 09:57:06.247', 1, 'Compuware APM', 1, 1, 601, 5);
INSERT INTO question_option (id, code, created_date, language, last_modified_date, version, title, createdby_id, lastmodifiedby_id, question_id, order_in_question) VALUES (608, 'O7', '2014-10-29 09:57:06.247', 'EN', '2014-10-29 09:57:06.247', 1, 'DataDog', 1, 1, 601, 6);
INSERT INTO question_option (id, code, created_date, language, last_modified_date, version, title, createdby_id, lastmodifiedby_id, question_id, order_in_question) VALUES (609, 'O8', '2014-10-29 09:57:06.247', 'EN', '2014-10-29 09:57:06.247', 1, 'Nagios', 1, 1, 601, 7);
INSERT INTO question_option (id, code, created_date, language, last_modified_date, version, title, createdby_id, lastmodifiedby_id, question_id, order_in_question) VALUES (610, 'O9', '2014-10-29 09:57:06.247', 'EN', '2014-10-29 09:57:06.247', 1, 'NewRelic', 1, 1, 601, 8);
INSERT INTO question_option (id, code, created_date, language, last_modified_date, version, title, createdby_id, lastmodifiedby_id, question_id, order_in_question) VALUES (611, 'O10', '2014-10-29 09:57:06.247', 'EN', '2014-10-29 09:57:06.247', 1, 'Opsview', 1, 1, 601, 9);
INSERT INTO question_option (id, code, created_date, language, last_modified_date, version, title, createdby_id, lastmodifiedby_id, question_id, order_in_question) VALUES (612, 'O11', '2014-10-29 09:57:06.247', 'EN', '2014-10-29 09:57:06.247', 1, 'Oracle Enterprise Manager', 1, 1, 601, 10);
INSERT INTO question_option (id, code, created_date, language, last_modified_date, version, title, createdby_id, lastmodifiedby_id, question_id, order_in_question) VALUES (613, 'O12', '2014-10-29 09:57:06.247', 'EN', '2014-10-29 09:57:06.247', 1, 'Pingdom', 1, 1, 601, 11);
INSERT INTO question_option (id, code, created_date, language, last_modified_date, version, title, createdby_id, lastmodifiedby_id, question_id, order_in_question) VALUES (614, 'O13', '2014-10-29 09:57:06.247', 'EN', '2014-10-29 09:57:06.247', 1, 'Plumbr', 1, 1, 601, 12);
INSERT INTO question_option (id, code, created_date, language, last_modified_date, version, title, createdby_id, lastmodifiedby_id, question_id, order_in_question) VALUES (615, 'O14', '2014-10-29 09:57:06.247', 'EN', '2014-10-29 09:57:06.247', 1, 'Zabbix', 1, 1, 601, 13);
INSERT INTO question_option (id, code, created_date, language, last_modified_date, version, title, createdby_id, lastmodifiedby_id, question_id, order_in_question) VALUES (616, 'O15', '2014-10-29 09:57:06.247', 'EN', '2014-10-29 09:57:06.247', 1, 'Don''t know', 1, 1, 601, 14);
INSERT INTO question_option (id, code, created_date, language, last_modified_date, version, title, createdby_id, lastmodifiedby_id, question_id, order_in_question) VALUES (649, 'O1', '2014-10-29 09:57:06.752', 'EN', '2014-10-29 09:57:06.752', 1, 'Less than an hour', 1, 1, 648, 0);
INSERT INTO question_option (id, code, created_date, language, last_modified_date, version, title, createdby_id, lastmodifiedby_id, question_id, order_in_question) VALUES (650, 'O2', '2014-10-29 09:57:06.752', 'EN', '2014-10-29 09:57:06.752', 1, 'Less than a day', 1, 1, 648, 1);
INSERT INTO question_option (id, code, created_date, language, last_modified_date, version, title, createdby_id, lastmodifiedby_id, question_id, order_in_question) VALUES (651, 'O3', '2014-10-29 09:57:06.752', 'EN', '2014-10-29 09:57:06.752', 1, 'Less than a week', 1, 1, 648, 2);
INSERT INTO question_option (id, code, created_date, language, last_modified_date, version, title, createdby_id, lastmodifiedby_id, question_id, order_in_question) VALUES (652, 'O4', '2014-10-29 09:57:06.752', 'EN', '2014-10-29 09:57:06.752', 1, 'Less than a month', 1, 1, 648, 3);
INSERT INTO question_option (id, code, created_date, language, last_modified_date, version, title, createdby_id, lastmodifiedby_id, question_id, order_in_question) VALUES (653, 'O5', '2014-10-29 09:57:06.752', 'EN', '2014-10-29 09:57:06.752', 1, 'More than a month', 1, 1, 648, 4);
INSERT INTO question_option (id, code, created_date, language, last_modified_date, version, title, createdby_id, lastmodifiedby_id, question_id, order_in_question) VALUES (639, 'O6', '2014-10-29 09:57:06.58', 'EN', '2014-10-29 09:57:06.58', 1, 'Inefficient Garbage Collection', 1, 1, 633, 5);
INSERT INTO question_option (id, code, created_date, language, last_modified_date, version, title, createdby_id, lastmodifiedby_id, question_id, order_in_question) VALUES (640, 'O7', '2014-10-29 09:57:06.58', 'EN', '2014-10-29 09:57:06.58', 1, 'HTTP Session Bloat', 1, 1, 633, 6);
INSERT INTO question_option (id, code, created_date, language, last_modified_date, version, title, createdby_id, lastmodifiedby_id, question_id, order_in_question) VALUES (645, 'O12', '2014-10-29 09:57:06.596', 'EN', '2014-10-29 09:57:06.596', 1, 'Synchronization Issues (Locks/Deadlocks)', 1, 1, 633, 11);
INSERT INTO question_option (id, code, created_date, language, last_modified_date, version, title, createdby_id, lastmodifiedby_id, question_id, order_in_question) VALUES (646, 'O13', '2014-10-29 09:57:06.596', 'EN', '2014-10-29 09:57:06.596', 1, 'Insufficient/missing Thread Pooling', 1, 1, 633, 12);
INSERT INTO question_option (id, code, created_date, language, last_modified_date, version, title, createdby_id, lastmodifiedby_id, question_id, order_in_question) VALUES (665, 'O7', '2014-10-29 09:57:07.237', 'EN', '2014-10-29 09:57:07.237', 1, 'Executive', 1, 1, 659, 5);


--
-- TOC entry 2263 (class 0 OID 151464)
-- Dependencies: 185
-- Data for Name: question_option_translation; Type: TABLE DATA; Schema: public; Owner: postgres
--

INSERT INTO question_option_translation (id, language, version, title, questionoption_id) VALUES (29, 'ES', 1, 'Noruega', 24);
INSERT INTO question_option_translation (id, language, version, title, questionoption_id) VALUES (30, 'ES', 1, 'Suecia', 25);
INSERT INTO question_option_translation (id, language, version, title, questionoption_id) VALUES (31, 'ES', 1, 'Dinamarca', 26);
INSERT INTO question_option_translation (id, language, version, title, questionoption_id) VALUES (32, 'ES', 1, 'Islandia', 27);
INSERT INTO question_option_translation (id, language, version, title, questionoption_id) VALUES (41, 'ES', 1, 'Ciudad del Vaticano', 36);
INSERT INTO question_option_translation (id, language, version, title, questionoption_id) VALUES (42, 'ES', 1, 'Roma', 37);
INSERT INTO question_option_translation (id, language, version, title, questionoption_id) VALUES (43, 'ES', 1, 'Helsinki', 38);
INSERT INTO question_option_translation (id, language, version, title, questionoption_id) VALUES (44, 'ES', 1, 'Viena', 39);
INSERT INTO question_option_translation (id, language, version, title, questionoption_id) VALUES (53, 'ES', 1, 'Westphalia', 48);
INSERT INTO question_option_translation (id, language, version, title, questionoption_id) VALUES (54, 'ES', 1, 'Roma', 49);
INSERT INTO question_option_translation (id, language, version, title, questionoption_id) VALUES (55, 'ES', 1, 'Bruselas', 50);
INSERT INTO question_option_translation (id, language, version, title, questionoption_id) VALUES (56, 'ES', 1, 'Islandia', 51);
INSERT INTO question_option_translation (id, language, version, title, questionoption_id) VALUES (63, 'ES', 1, 'Noruega', 58);
INSERT INTO question_option_translation (id, language, version, title, questionoption_id) VALUES (64, 'ES', 1, 'Polonia', 59);
INSERT INTO question_option_translation (id, language, version, title, questionoption_id) VALUES (65, 'ES', 1, 'Macedonia', 60);
INSERT INTO question_option_translation (id, language, version, title, questionoption_id) VALUES (66, 'ES', 1, 'Chipre', 61);
INSERT INTO question_option_translation (id, language, version, title, questionoption_id) VALUES (75, 'ES', 1, 'Barcelona', 70);
INSERT INTO question_option_translation (id, language, version, title, questionoption_id) VALUES (76, 'ES', 1, 'Lisboa', 71);
INSERT INTO question_option_translation (id, language, version, title, questionoption_id) VALUES (77, 'ES', 1, 'Genova', 72);
INSERT INTO question_option_translation (id, language, version, title, questionoption_id) VALUES (78, 'ES', 1, 'Roma', 73);
INSERT INTO question_option_translation (id, language, version, title, questionoption_id) VALUES (85, 'ES', 1, 'Imperio Portugues', 80);
INSERT INTO question_option_translation (id, language, version, title, questionoption_id) VALUES (86, 'ES', 1, 'Imperio Britnico', 81);
INSERT INTO question_option_translation (id, language, version, title, questionoption_id) VALUES (87, 'ES', 1, 'Imperio Espaol', 82);
INSERT INTO question_option_translation (id, language, version, title, questionoption_id) VALUES (88, 'ES', 1, 'Imperio Holands', 83);
INSERT INTO question_option_translation (id, language, version, title, questionoption_id) VALUES (97, 'ES', 1, 'Adolfo Hitler', 92);
INSERT INTO question_option_translation (id, language, version, title, questionoption_id) VALUES (98, 'ES', 1, 'Napolen', 93);
INSERT INTO question_option_translation (id, language, version, title, questionoption_id) VALUES (99, 'ES', 1, 'Felipe II', 94);
INSERT INTO question_option_translation (id, language, version, title, questionoption_id) VALUES (100, 'ES', 1, 'Julio Cesar', 95);
INSERT INTO question_option_translation (id, language, version, title, questionoption_id) VALUES (138, 'ES', 1, 'Noruega', 133);
INSERT INTO question_option_translation (id, language, version, title, questionoption_id) VALUES (139, 'ES', 1, 'Suecia', 134);
INSERT INTO question_option_translation (id, language, version, title, questionoption_id) VALUES (140, 'ES', 1, 'Dinamarca', 135);
INSERT INTO question_option_translation (id, language, version, title, questionoption_id) VALUES (141, 'ES', 1, 'Islandia', 136);
INSERT INTO question_option_translation (id, language, version, title, questionoption_id) VALUES (150, 'ES', 1, 'Ciudad del Vaticano', 145);
INSERT INTO question_option_translation (id, language, version, title, questionoption_id) VALUES (151, 'ES', 1, 'Roma', 146);
INSERT INTO question_option_translation (id, language, version, title, questionoption_id) VALUES (152, 'ES', 1, 'Helsinki', 147);
INSERT INTO question_option_translation (id, language, version, title, questionoption_id) VALUES (153, 'ES', 1, 'Viena', 148);
INSERT INTO question_option_translation (id, language, version, title, questionoption_id) VALUES (162, 'ES', 1, 'Westphalia', 157);
INSERT INTO question_option_translation (id, language, version, title, questionoption_id) VALUES (163, 'ES', 1, 'Roma', 158);
INSERT INTO question_option_translation (id, language, version, title, questionoption_id) VALUES (164, 'ES', 1, 'Bruselas', 159);
INSERT INTO question_option_translation (id, language, version, title, questionoption_id) VALUES (165, 'ES', 1, 'Islandia', 160);
INSERT INTO question_option_translation (id, language, version, title, questionoption_id) VALUES (172, 'ES', 1, 'Noruega', 167);
INSERT INTO question_option_translation (id, language, version, title, questionoption_id) VALUES (173, 'ES', 1, 'Polonia', 168);
INSERT INTO question_option_translation (id, language, version, title, questionoption_id) VALUES (174, 'ES', 1, 'Macedonia', 169);
INSERT INTO question_option_translation (id, language, version, title, questionoption_id) VALUES (175, 'ES', 1, 'Chipre', 170);
INSERT INTO question_option_translation (id, language, version, title, questionoption_id) VALUES (184, 'ES', 1, 'Barcelona', 179);
INSERT INTO question_option_translation (id, language, version, title, questionoption_id) VALUES (185, 'ES', 1, 'Lisboa', 180);
INSERT INTO question_option_translation (id, language, version, title, questionoption_id) VALUES (186, 'ES', 1, 'Genova', 181);
INSERT INTO question_option_translation (id, language, version, title, questionoption_id) VALUES (187, 'ES', 1, 'Roma', 182);
INSERT INTO question_option_translation (id, language, version, title, questionoption_id) VALUES (194, 'ES', 1, 'Imperio Portugues', 189);
INSERT INTO question_option_translation (id, language, version, title, questionoption_id) VALUES (195, 'ES', 1, 'Imperio Britnico', 190);
INSERT INTO question_option_translation (id, language, version, title, questionoption_id) VALUES (196, 'ES', 1, 'Imperio Espaol', 191);
INSERT INTO question_option_translation (id, language, version, title, questionoption_id) VALUES (197, 'ES', 1, 'Imperio Holands', 192);
INSERT INTO question_option_translation (id, language, version, title, questionoption_id) VALUES (206, 'ES', 1, 'Adolfo Hitler', 201);
INSERT INTO question_option_translation (id, language, version, title, questionoption_id) VALUES (207, 'ES', 1, 'Napolen', 202);
INSERT INTO question_option_translation (id, language, version, title, questionoption_id) VALUES (208, 'ES', 1, 'Felipe II', 203);
INSERT INTO question_option_translation (id, language, version, title, questionoption_id) VALUES (209, 'ES', 1, 'Julio Cesar', 204);
INSERT INTO question_option_translation (id, language, version, title, questionoption_id) VALUES (232, 'ES', 1, 'Noruega', 227);
INSERT INTO question_option_translation (id, language, version, title, questionoption_id) VALUES (233, 'ES', 1, 'Suecia', 228);
INSERT INTO question_option_translation (id, language, version, title, questionoption_id) VALUES (234, 'ES', 1, 'Dinamarca', 229);
INSERT INTO question_option_translation (id, language, version, title, questionoption_id) VALUES (235, 'ES', 1, 'Islandia', 230);
INSERT INTO question_option_translation (id, language, version, title, questionoption_id) VALUES (244, 'ES', 1, 'Ciudad del Vaticano', 239);
INSERT INTO question_option_translation (id, language, version, title, questionoption_id) VALUES (245, 'ES', 1, 'Roma', 240);
INSERT INTO question_option_translation (id, language, version, title, questionoption_id) VALUES (246, 'ES', 1, 'Helsinki', 241);
INSERT INTO question_option_translation (id, language, version, title, questionoption_id) VALUES (247, 'ES', 1, 'Viena', 242);
INSERT INTO question_option_translation (id, language, version, title, questionoption_id) VALUES (256, 'ES', 1, 'Westphalia', 251);
INSERT INTO question_option_translation (id, language, version, title, questionoption_id) VALUES (257, 'ES', 1, 'Roma', 252);
INSERT INTO question_option_translation (id, language, version, title, questionoption_id) VALUES (258, 'ES', 1, 'Bruselas', 253);
INSERT INTO question_option_translation (id, language, version, title, questionoption_id) VALUES (259, 'ES', 1, 'Islandia', 254);
INSERT INTO question_option_translation (id, language, version, title, questionoption_id) VALUES (266, 'ES', 1, 'Noruega', 261);
INSERT INTO question_option_translation (id, language, version, title, questionoption_id) VALUES (267, 'ES', 1, 'Polonia', 262);
INSERT INTO question_option_translation (id, language, version, title, questionoption_id) VALUES (268, 'ES', 1, 'Macedonia', 263);
INSERT INTO question_option_translation (id, language, version, title, questionoption_id) VALUES (269, 'ES', 1, 'Chipre', 264);
INSERT INTO question_option_translation (id, language, version, title, questionoption_id) VALUES (278, 'ES', 1, 'Barcelona', 273);
INSERT INTO question_option_translation (id, language, version, title, questionoption_id) VALUES (279, 'ES', 1, 'Lisboa', 274);
INSERT INTO question_option_translation (id, language, version, title, questionoption_id) VALUES (280, 'ES', 1, 'Genova', 275);
INSERT INTO question_option_translation (id, language, version, title, questionoption_id) VALUES (281, 'ES', 1, 'Roma', 276);
INSERT INTO question_option_translation (id, language, version, title, questionoption_id) VALUES (288, 'ES', 1, 'Imperio Portugues', 283);
INSERT INTO question_option_translation (id, language, version, title, questionoption_id) VALUES (289, 'ES', 1, 'Imperio Britnico', 284);
INSERT INTO question_option_translation (id, language, version, title, questionoption_id) VALUES (290, 'ES', 1, 'Imperio Espaol', 285);
INSERT INTO question_option_translation (id, language, version, title, questionoption_id) VALUES (291, 'ES', 1, 'Imperio Holands', 286);
INSERT INTO question_option_translation (id, language, version, title, questionoption_id) VALUES (300, 'ES', 1, 'Adolfo Hitler', 295);
INSERT INTO question_option_translation (id, language, version, title, questionoption_id) VALUES (301, 'ES', 1, 'Napolen', 296);
INSERT INTO question_option_translation (id, language, version, title, questionoption_id) VALUES (302, 'ES', 1, 'Felipe II', 297);
INSERT INTO question_option_translation (id, language, version, title, questionoption_id) VALUES (303, 'ES', 1, 'Julio Cesar', 298);
INSERT INTO question_option_translation (id, language, version, title, questionoption_id) VALUES (341, 'ES', 1, 'Noruega', 336);
INSERT INTO question_option_translation (id, language, version, title, questionoption_id) VALUES (342, 'ES', 1, 'Suecia', 337);
INSERT INTO question_option_translation (id, language, version, title, questionoption_id) VALUES (343, 'ES', 1, 'Dinamarca', 338);
INSERT INTO question_option_translation (id, language, version, title, questionoption_id) VALUES (344, 'ES', 1, 'Islandia', 339);
INSERT INTO question_option_translation (id, language, version, title, questionoption_id) VALUES (353, 'ES', 1, 'Ciudad del Vaticano', 348);
INSERT INTO question_option_translation (id, language, version, title, questionoption_id) VALUES (354, 'ES', 1, 'Roma', 349);
INSERT INTO question_option_translation (id, language, version, title, questionoption_id) VALUES (355, 'ES', 1, 'Helsinki', 350);
INSERT INTO question_option_translation (id, language, version, title, questionoption_id) VALUES (356, 'ES', 1, 'Viena', 351);
INSERT INTO question_option_translation (id, language, version, title, questionoption_id) VALUES (365, 'ES', 1, 'Westphalia', 360);
INSERT INTO question_option_translation (id, language, version, title, questionoption_id) VALUES (366, 'ES', 1, 'Roma', 361);
INSERT INTO question_option_translation (id, language, version, title, questionoption_id) VALUES (367, 'ES', 1, 'Bruselas', 362);
INSERT INTO question_option_translation (id, language, version, title, questionoption_id) VALUES (368, 'ES', 1, 'Islandia', 363);
INSERT INTO question_option_translation (id, language, version, title, questionoption_id) VALUES (375, 'ES', 1, 'Noruega', 370);
INSERT INTO question_option_translation (id, language, version, title, questionoption_id) VALUES (376, 'ES', 1, 'Polonia', 371);
INSERT INTO question_option_translation (id, language, version, title, questionoption_id) VALUES (377, 'ES', 1, 'Macedonia', 372);
INSERT INTO question_option_translation (id, language, version, title, questionoption_id) VALUES (378, 'ES', 1, 'Chipre', 373);
INSERT INTO question_option_translation (id, language, version, title, questionoption_id) VALUES (387, 'ES', 1, 'Barcelona', 382);
INSERT INTO question_option_translation (id, language, version, title, questionoption_id) VALUES (388, 'ES', 1, 'Lisboa', 383);
INSERT INTO question_option_translation (id, language, version, title, questionoption_id) VALUES (389, 'ES', 1, 'Genova', 384);
INSERT INTO question_option_translation (id, language, version, title, questionoption_id) VALUES (390, 'ES', 1, 'Roma', 385);
INSERT INTO question_option_translation (id, language, version, title, questionoption_id) VALUES (397, 'ES', 1, 'Imperio Portugues', 392);
INSERT INTO question_option_translation (id, language, version, title, questionoption_id) VALUES (398, 'ES', 1, 'Imperio Britnico', 393);
INSERT INTO question_option_translation (id, language, version, title, questionoption_id) VALUES (399, 'ES', 1, 'Imperio Espaol', 394);
INSERT INTO question_option_translation (id, language, version, title, questionoption_id) VALUES (400, 'ES', 1, 'Imperio Holands', 395);
INSERT INTO question_option_translation (id, language, version, title, questionoption_id) VALUES (409, 'ES', 1, 'Adolfo Hitler', 404);
INSERT INTO question_option_translation (id, language, version, title, questionoption_id) VALUES (410, 'ES', 1, 'Napolen', 405);
INSERT INTO question_option_translation (id, language, version, title, questionoption_id) VALUES (411, 'ES', 1, 'Felipe II', 406);
INSERT INTO question_option_translation (id, language, version, title, questionoption_id) VALUES (412, 'ES', 1, 'Julio Cesar', 407);
INSERT INTO question_option_translation (id, language, version, title, questionoption_id) VALUES (450, 'ES', 1, 'Noruega', 445);
INSERT INTO question_option_translation (id, language, version, title, questionoption_id) VALUES (451, 'ES', 1, 'Suecia', 446);
INSERT INTO question_option_translation (id, language, version, title, questionoption_id) VALUES (452, 'ES', 1, 'Dinamarca', 447);
INSERT INTO question_option_translation (id, language, version, title, questionoption_id) VALUES (453, 'ES', 1, 'Islandia', 448);
INSERT INTO question_option_translation (id, language, version, title, questionoption_id) VALUES (462, 'ES', 1, 'Ciudad del Vaticano', 457);
INSERT INTO question_option_translation (id, language, version, title, questionoption_id) VALUES (463, 'ES', 1, 'Roma', 458);
INSERT INTO question_option_translation (id, language, version, title, questionoption_id) VALUES (464, 'ES', 1, 'Helsinki', 459);
INSERT INTO question_option_translation (id, language, version, title, questionoption_id) VALUES (465, 'ES', 1, 'Viena', 460);
INSERT INTO question_option_translation (id, language, version, title, questionoption_id) VALUES (474, 'ES', 1, 'Westphalia', 469);
INSERT INTO question_option_translation (id, language, version, title, questionoption_id) VALUES (475, 'ES', 1, 'Roma', 470);
INSERT INTO question_option_translation (id, language, version, title, questionoption_id) VALUES (476, 'ES', 1, 'Bruselas', 471);
INSERT INTO question_option_translation (id, language, version, title, questionoption_id) VALUES (477, 'ES', 1, 'Islandia', 472);
INSERT INTO question_option_translation (id, language, version, title, questionoption_id) VALUES (484, 'ES', 1, 'Noruega', 479);
INSERT INTO question_option_translation (id, language, version, title, questionoption_id) VALUES (485, 'ES', 1, 'Polonia', 480);
INSERT INTO question_option_translation (id, language, version, title, questionoption_id) VALUES (486, 'ES', 1, 'Macedonia', 481);
INSERT INTO question_option_translation (id, language, version, title, questionoption_id) VALUES (487, 'ES', 1, 'Chipre', 482);
INSERT INTO question_option_translation (id, language, version, title, questionoption_id) VALUES (496, 'ES', 1, 'Barcelona', 491);
INSERT INTO question_option_translation (id, language, version, title, questionoption_id) VALUES (497, 'ES', 1, 'Lisboa', 492);
INSERT INTO question_option_translation (id, language, version, title, questionoption_id) VALUES (498, 'ES', 1, 'Genova', 493);
INSERT INTO question_option_translation (id, language, version, title, questionoption_id) VALUES (499, 'ES', 1, 'Roma', 494);
INSERT INTO question_option_translation (id, language, version, title, questionoption_id) VALUES (506, 'ES', 1, 'Imperio Portugues', 501);
INSERT INTO question_option_translation (id, language, version, title, questionoption_id) VALUES (507, 'ES', 1, 'Imperio Britnico', 502);
INSERT INTO question_option_translation (id, language, version, title, questionoption_id) VALUES (508, 'ES', 1, 'Imperio Espaol', 503);
INSERT INTO question_option_translation (id, language, version, title, questionoption_id) VALUES (509, 'ES', 1, 'Imperio Holands', 504);
INSERT INTO question_option_translation (id, language, version, title, questionoption_id) VALUES (518, 'ES', 1, 'Adolfo Hitler', 513);
INSERT INTO question_option_translation (id, language, version, title, questionoption_id) VALUES (519, 'ES', 1, 'Napolen', 514);
INSERT INTO question_option_translation (id, language, version, title, questionoption_id) VALUES (520, 'ES', 1, 'Felipe II', 515);
INSERT INTO question_option_translation (id, language, version, title, questionoption_id) VALUES (521, 'ES', 1, 'Julio Cesar', 516);


--
-- TOC entry 2264 (class 0 OID 151472)
-- Dependencies: 186
-- Data for Name: question_translation; Type: TABLE DATA; Schema: public; Owner: postgres
--

INSERT INTO question_translation (id, language, version, explanation, title, question_id) VALUES (22, 'ES', 1, '', 'Cul es la capital de Malta?', 21);
INSERT INTO question_translation (id, language, version, explanation, title, question_id) VALUES (28, 'ES', 1, '', 'Qu pais tiene como capital Copenague?', 23);
INSERT INTO question_translation (id, language, version, explanation, title, question_id) VALUES (34, 'ES', 1, '', 'Cuantas capitales europeas fueron fundadas por los romanos?', 33);
INSERT INTO question_translation (id, language, version, explanation, title, question_id) VALUES (40, 'ES', 1, '', 'Cuantas de estas capitales Europeas estan al pie de un ro?', 35);
INSERT INTO question_translation (id, language, version, explanation, title, question_id) VALUES (46, 'ES', 1, '', 'Que significa UE?', 45);
INSERT INTO question_translation (id, language, version, explanation, title, question_id) VALUES (52, 'ES', 1, '', 'Dnde fue firmado el trado de Comunidad Econmica Europea, precedesor de Unin Europea?', 47);
INSERT INTO question_translation (id, language, version, explanation, title, question_id) VALUES (62, 'ES', 1, '', 'Cul de estos pases europeos pertenecen a la zona euro?', 57);
INSERT INTO question_translation (id, language, version, explanation, title, question_id) VALUES (68, 'ES', 1, '', 'Cuantos marcos finlandeses necesitas para tener un euro?', 67);
INSERT INTO question_translation (id, language, version, explanation, title, question_id) VALUES (74, 'ES', 1, '', 'Dnde naci Cristobal Coln?', 69);
INSERT INTO question_translation (id, language, version, explanation, title, question_id) VALUES (84, 'ES', 1, '', 'Cul fue el imperio ms grande en el siglo XVI?', 79);
INSERT INTO question_translation (id, language, version, explanation, title, question_id) VALUES (90, 'ES', 1, '', 'Qu nacionalidad tena el primer Europeo que lleg a Congo?', 89);
INSERT INTO question_translation (id, language, version, explanation, title, question_id) VALUES (96, 'ES', 1, '', 'Cual de estos hombres caus ms bajas en Europa?', 91);
INSERT INTO question_translation (id, language, version, explanation, title, question_id) VALUES (131, 'ES', 1, '', 'Cul es la capital de Malta?', 130);
INSERT INTO question_translation (id, language, version, explanation, title, question_id) VALUES (137, 'ES', 1, '', 'Qu pais tiene como capital Copenague?', 132);
INSERT INTO question_translation (id, language, version, explanation, title, question_id) VALUES (143, 'ES', 1, '', 'Cuantas capitales europeas fueron fundadas por los romanos?', 142);
INSERT INTO question_translation (id, language, version, explanation, title, question_id) VALUES (149, 'ES', 1, '', 'Cuantas de estas capitales Europeas estan al pie de un ro?', 144);
INSERT INTO question_translation (id, language, version, explanation, title, question_id) VALUES (155, 'ES', 1, '', 'Que significa UE?', 154);
INSERT INTO question_translation (id, language, version, explanation, title, question_id) VALUES (161, 'ES', 1, '', 'Dnde fue firmado el trado de Comunidad Econmica Europea, precedesor de Unin Europea?', 156);
INSERT INTO question_translation (id, language, version, explanation, title, question_id) VALUES (171, 'ES', 1, '', 'Cul de estos pases europeos pertenecen a la zona euro?', 166);
INSERT INTO question_translation (id, language, version, explanation, title, question_id) VALUES (177, 'ES', 1, '', 'Cuantos marcos finlandeses necesitas para tener un euro?', 176);
INSERT INTO question_translation (id, language, version, explanation, title, question_id) VALUES (183, 'ES', 1, '', 'Dnde naci Cristobal Coln?', 178);
INSERT INTO question_translation (id, language, version, explanation, title, question_id) VALUES (193, 'ES', 1, '', 'Cul fue el imperio ms grande en el siglo XVI?', 188);
INSERT INTO question_translation (id, language, version, explanation, title, question_id) VALUES (199, 'ES', 1, '', 'Qu nacionalidad tena el primer Europeo que lleg a Congo?', 198);
INSERT INTO question_translation (id, language, version, explanation, title, question_id) VALUES (205, 'ES', 1, '', 'Cual de estos hombres caus ms bajas en Europa?', 200);
INSERT INTO question_translation (id, language, version, explanation, title, question_id) VALUES (225, 'ES', 1, '', 'Cul es la capital de Malta?', 224);
INSERT INTO question_translation (id, language, version, explanation, title, question_id) VALUES (231, 'ES', 1, '', 'Qu pais tiene como capital Copenague?', 226);
INSERT INTO question_translation (id, language, version, explanation, title, question_id) VALUES (237, 'ES', 1, '', 'Cuantas capitales europeas fueron fundadas por los romanos?', 236);
INSERT INTO question_translation (id, language, version, explanation, title, question_id) VALUES (243, 'ES', 1, '', 'Cuantas de estas capitales Europeas estan al pie de un ro?', 238);
INSERT INTO question_translation (id, language, version, explanation, title, question_id) VALUES (249, 'ES', 1, '', 'Que significa UE?', 248);
INSERT INTO question_translation (id, language, version, explanation, title, question_id) VALUES (255, 'ES', 1, '', 'Dnde fue firmado el trado de Comunidad Econmica Europea, precedesor de Unin Europea?', 250);
INSERT INTO question_translation (id, language, version, explanation, title, question_id) VALUES (265, 'ES', 1, '', 'Cul de estos pases europeos pertenecen a la zona euro?', 260);
INSERT INTO question_translation (id, language, version, explanation, title, question_id) VALUES (271, 'ES', 1, '', 'Cuantos marcos finlandeses necesitas para tener un euro?', 270);
INSERT INTO question_translation (id, language, version, explanation, title, question_id) VALUES (277, 'ES', 1, '', 'Dnde naci Cristobal Coln?', 272);
INSERT INTO question_translation (id, language, version, explanation, title, question_id) VALUES (287, 'ES', 1, '', 'Cul fue el imperio ms grande en el siglo XVI?', 282);
INSERT INTO question_translation (id, language, version, explanation, title, question_id) VALUES (293, 'ES', 1, '', 'Qu nacionalidad tena el primer Europeo que lleg a Congo?', 292);
INSERT INTO question_translation (id, language, version, explanation, title, question_id) VALUES (299, 'ES', 1, '', 'Cual de estos hombres caus ms bajas en Europa?', 294);
INSERT INTO question_translation (id, language, version, explanation, title, question_id) VALUES (334, 'ES', 1, '', 'Cul es la capital de Malta?', 333);
INSERT INTO question_translation (id, language, version, explanation, title, question_id) VALUES (340, 'ES', 1, '', 'Qu pais tiene como capital Copenague?', 335);
INSERT INTO question_translation (id, language, version, explanation, title, question_id) VALUES (346, 'ES', 1, '', 'Cuantas capitales europeas fueron fundadas por los romanos?', 345);
INSERT INTO question_translation (id, language, version, explanation, title, question_id) VALUES (352, 'ES', 1, '', 'Cuantas de estas capitales Europeas estan al pie de un ro?', 347);
INSERT INTO question_translation (id, language, version, explanation, title, question_id) VALUES (358, 'ES', 1, '', 'Que significa UE?', 357);
INSERT INTO question_translation (id, language, version, explanation, title, question_id) VALUES (364, 'ES', 1, '', 'Dnde fue firmado el trado de Comunidad Econmica Europea, precedesor de Unin Europea?', 359);
INSERT INTO question_translation (id, language, version, explanation, title, question_id) VALUES (374, 'ES', 1, '', 'Cul de estos pases europeos pertenecen a la zona euro?', 369);
INSERT INTO question_translation (id, language, version, explanation, title, question_id) VALUES (380, 'ES', 1, '', 'Cuantos marcos finlandeses necesitas para tener un euro?', 379);
INSERT INTO question_translation (id, language, version, explanation, title, question_id) VALUES (386, 'ES', 1, '', 'Dnde naci Cristobal Coln?', 381);
INSERT INTO question_translation (id, language, version, explanation, title, question_id) VALUES (396, 'ES', 1, '', 'Cul fue el imperio ms grande en el siglo XVI?', 391);
INSERT INTO question_translation (id, language, version, explanation, title, question_id) VALUES (402, 'ES', 1, '', 'Qu nacionalidad tena el primer Europeo que lleg a Congo?', 401);
INSERT INTO question_translation (id, language, version, explanation, title, question_id) VALUES (408, 'ES', 1, '', 'Cual de estos hombres caus ms bajas en Europa?', 403);
INSERT INTO question_translation (id, language, version, explanation, title, question_id) VALUES (443, 'ES', 1, '', 'Cul es la capital de Malta?', 442);
INSERT INTO question_translation (id, language, version, explanation, title, question_id) VALUES (449, 'ES', 1, '', 'Qu pais tiene como capital Copenague?', 444);
INSERT INTO question_translation (id, language, version, explanation, title, question_id) VALUES (455, 'ES', 1, '', 'Cuantas capitales europeas fueron fundadas por los romanos?', 454);
INSERT INTO question_translation (id, language, version, explanation, title, question_id) VALUES (461, 'ES', 1, '', 'Cuantas de estas capitales Europeas estan al pie de un ro?', 456);
INSERT INTO question_translation (id, language, version, explanation, title, question_id) VALUES (467, 'ES', 1, '', 'Que significa UE?', 466);
INSERT INTO question_translation (id, language, version, explanation, title, question_id) VALUES (473, 'ES', 1, '', 'Dnde fue firmado el trado de Comunidad Econmica Europea, precedesor de Unin Europea?', 468);
INSERT INTO question_translation (id, language, version, explanation, title, question_id) VALUES (483, 'ES', 1, '', 'Cul de estos pases europeos pertenecen a la zona euro?', 478);
INSERT INTO question_translation (id, language, version, explanation, title, question_id) VALUES (489, 'ES', 1, '', 'Cuantos marcos finlandeses necesitas para tener un euro?', 488);
INSERT INTO question_translation (id, language, version, explanation, title, question_id) VALUES (495, 'ES', 1, '', 'Dnde naci Cristobal Coln?', 490);
INSERT INTO question_translation (id, language, version, explanation, title, question_id) VALUES (505, 'ES', 1, '', 'Cul fue el imperio ms grande en el siglo XVI?', 500);
INSERT INTO question_translation (id, language, version, explanation, title, question_id) VALUES (511, 'ES', 1, '', 'Qu nacionalidad tena el primer Europeo que lleg a Congo?', 510);
INSERT INTO question_translation (id, language, version, explanation, title, question_id) VALUES (517, 'ES', 1, '', 'Cual de estos hombres caus ms bajas en Europa?', 512);


--
-- TOC entry 2278 (class 0 OID 151911)
-- Dependencies: 200
-- Data for Name: questionnaire_answers_12; Type: TABLE DATA; Schema: public; Owner: postgres
--

INSERT INTO questionnaire_answers_12 (id, q1, q10, q11, q12, q2, q3, q4_o1, q4_o2, q4_o3, q4_o4, q5, q6, q7_o1, q7_o2, q7_o3, q7_o4, q8, q9) VALUES (1, NULL, NULL, NULL, NULL, NULL, NULL, NULL, NULL, NULL, NULL, NULL, NULL, NULL, NULL, NULL, NULL, NULL, NULL);
INSERT INTO questionnaire_answers_12 (id, q1, q10, q11, q12, q2, q3, q4_o1, q4_o2, q4_o3, q4_o4, q5, q6, q7_o1, q7_o2, q7_o3, q7_o4, q8, q9) VALUES (2, NULL, NULL, NULL, NULL, NULL, NULL, NULL, NULL, NULL, NULL, NULL, NULL, NULL, NULL, NULL, NULL, NULL, NULL);
INSERT INTO questionnaire_answers_12 (id, q1, q10, q11, q12, q2, q3, q4_o1, q4_o2, q4_o3, q4_o4, q5, q6, q7_o1, q7_o2, q7_o3, q7_o4, q8, q9) VALUES (3, NULL, NULL, NULL, NULL, NULL, NULL, NULL, NULL, NULL, NULL, NULL, NULL, NULL, NULL, NULL, NULL, NULL, NULL);
INSERT INTO questionnaire_answers_12 (id, q1, q10, q11, q12, q2, q3, q4_o1, q4_o2, q4_o3, q4_o4, q5, q6, q7_o1, q7_o2, q7_o3, q7_o4, q8, q9) VALUES (4, NULL, NULL, NULL, NULL, NULL, NULL, NULL, NULL, NULL, NULL, NULL, NULL, NULL, NULL, NULL, NULL, NULL, NULL);


--
-- TOC entry 2279 (class 0 OID 151919)
-- Dependencies: 201
-- Data for Name: questionnaire_answers_121; Type: TABLE DATA; Schema: public; Owner: postgres
--



--
-- TOC entry 2280 (class 0 OID 151931)
-- Dependencies: 202
-- Data for Name: questionnaire_answers_215; Type: TABLE DATA; Schema: public; Owner: postgres
--

INSERT INTO questionnaire_answers_215 (id, q1, q10, q11, q12, q2, q3, q4_o1, q4_o2, q4_o3, q4_o4, q5, q6, q7_o1, q7_o2, q7_o3, q7_o4, q8, q9) VALUES (1, NULL, NULL, NULL, NULL, NULL, NULL, NULL, NULL, NULL, NULL, NULL, NULL, NULL, NULL, NULL, NULL, NULL, NULL);
INSERT INTO questionnaire_answers_215 (id, q1, q10, q11, q12, q2, q3, q4_o1, q4_o2, q4_o3, q4_o4, q5, q6, q7_o1, q7_o2, q7_o3, q7_o4, q8, q9) VALUES (2, NULL, NULL, NULL, NULL, NULL, NULL, NULL, NULL, NULL, NULL, NULL, NULL, NULL, NULL, NULL, NULL, NULL, NULL);
INSERT INTO questionnaire_answers_215 (id, q1, q10, q11, q12, q2, q3, q4_o1, q4_o2, q4_o3, q4_o4, q5, q6, q7_o1, q7_o2, q7_o3, q7_o4, q8, q9) VALUES (3, NULL, NULL, NULL, NULL, NULL, NULL, NULL, NULL, NULL, NULL, NULL, NULL, NULL, NULL, NULL, NULL, NULL, NULL);
INSERT INTO questionnaire_answers_215 (id, q1, q10, q11, q12, q2, q3, q4_o1, q4_o2, q4_o3, q4_o4, q5, q6, q7_o1, q7_o2, q7_o3, q7_o4, q8, q9) VALUES (4, NULL, NULL, NULL, NULL, NULL, NULL, NULL, NULL, NULL, NULL, NULL, NULL, NULL, NULL, NULL, NULL, NULL, NULL);


--
-- TOC entry 2281 (class 0 OID 151939)
-- Dependencies: 203
-- Data for Name: questionnaire_answers_324; Type: TABLE DATA; Schema: public; Owner: postgres
--

INSERT INTO questionnaire_answers_324 (id, q1, q10, q11, q12, q2, q3, q4_o1, q4_o2, q4_o3, q4_o4, q5, q6, q7_o1, q7_o2, q7_o3, q7_o4, q8, q9) VALUES (1, NULL, NULL, NULL, NULL, NULL, NULL, NULL, NULL, NULL, NULL, NULL, NULL, NULL, NULL, NULL, NULL, NULL, NULL);
INSERT INTO questionnaire_answers_324 (id, q1, q10, q11, q12, q2, q3, q4_o1, q4_o2, q4_o3, q4_o4, q5, q6, q7_o1, q7_o2, q7_o3, q7_o4, q8, q9) VALUES (2, NULL, NULL, NULL, NULL, NULL, NULL, NULL, NULL, NULL, NULL, NULL, NULL, NULL, NULL, NULL, NULL, NULL, NULL);
INSERT INTO questionnaire_answers_324 (id, q1, q10, q11, q12, q2, q3, q4_o1, q4_o2, q4_o3, q4_o4, q5, q6, q7_o1, q7_o2, q7_o3, q7_o4, q8, q9) VALUES (3, NULL, NULL, NULL, NULL, NULL, NULL, NULL, NULL, NULL, NULL, NULL, NULL, NULL, NULL, NULL, NULL, NULL, NULL);
INSERT INTO questionnaire_answers_324 (id, q1, q10, q11, q12, q2, q3, q4_o1, q4_o2, q4_o3, q4_o4, q5, q6, q7_o1, q7_o2, q7_o3, q7_o4, q8, q9) VALUES (4, NULL, NULL, NULL, NULL, NULL, NULL, NULL, NULL, NULL, NULL, NULL, NULL, NULL, NULL, NULL, NULL, NULL, NULL);


--
-- TOC entry 2282 (class 0 OID 151947)
-- Dependencies: 204
-- Data for Name: questionnaire_answers_433; Type: TABLE DATA; Schema: public; Owner: postgres
--

INSERT INTO questionnaire_answers_433 (id, q1, q10, q11, q12, q2, q3, q4_o1, q4_o2, q4_o3, q4_o4, q5, q6, q7_o1, q7_o2, q7_o3, q7_o4, q8, q9) VALUES (1, NULL, NULL, NULL, NULL, NULL, NULL, NULL, NULL, NULL, NULL, NULL, NULL, NULL, NULL, NULL, NULL, NULL, NULL);
INSERT INTO questionnaire_answers_433 (id, q1, q10, q11, q12, q2, q3, q4_o1, q4_o2, q4_o3, q4_o4, q5, q6, q7_o1, q7_o2, q7_o3, q7_o4, q8, q9) VALUES (2, NULL, NULL, NULL, NULL, NULL, NULL, NULL, NULL, NULL, NULL, NULL, NULL, NULL, NULL, NULL, NULL, NULL, NULL);
INSERT INTO questionnaire_answers_433 (id, q1, q10, q11, q12, q2, q3, q4_o1, q4_o2, q4_o3, q4_o4, q5, q6, q7_o1, q7_o2, q7_o3, q7_o4, q8, q9) VALUES (3, NULL, NULL, NULL, NULL, NULL, NULL, NULL, NULL, NULL, NULL, NULL, NULL, NULL, NULL, NULL, NULL, NULL, NULL);
INSERT INTO questionnaire_answers_433 (id, q1, q10, q11, q12, q2, q3, q4_o1, q4_o2, q4_o3, q4_o4, q5, q6, q7_o1, q7_o2, q7_o3, q7_o4, q8, q9) VALUES (4, NULL, NULL, NULL, NULL, NULL, NULL, NULL, NULL, NULL, NULL, NULL, NULL, NULL, NULL, NULL, NULL, NULL, NULL);


--
-- TOC entry 2283 (class 0 OID 151955)
-- Dependencies: 205
-- Data for Name: questionnaire_answers_542; Type: TABLE DATA; Schema: public; Owner: postgres
--



--
-- TOC entry 2284 (class 0 OID 151963)
-- Dependencies: 206
-- Data for Name: questionnaire_answers_580; Type: TABLE DATA; Schema: public; Owner: postgres
--



--
-- TOC entry 2267 (class 0 OID 151493)
-- Dependencies: 189
-- Data for Name: questionnaire_definition_permission; Type: TABLE DATA; Schema: public; Owner: postgres
--

INSERT INTO questionnaire_definition_permission (id, mask, version, role_id, user_id, target_id) VALUES (13, 3, 1, NULL, 1, 12);
INSERT INTO questionnaire_definition_permission (id, mask, version, role_id, user_id, target_id) VALUES (122, 3, 1, NULL, 1, 121);
INSERT INTO questionnaire_definition_permission (id, mask, version, role_id, user_id, target_id) VALUES (216, 3, 1, NULL, 1, 215);
INSERT INTO questionnaire_definition_permission (id, mask, version, role_id, user_id, target_id) VALUES (325, 3, 1, NULL, 1, 324);
INSERT INTO questionnaire_definition_permission (id, mask, version, role_id, user_id, target_id) VALUES (434, 3, 1, NULL, 1, 433);
INSERT INTO questionnaire_definition_permission (id, mask, version, role_id, user_id, target_id) VALUES (543, 3, 1, NULL, 1, 542);
INSERT INTO questionnaire_definition_permission (id, mask, version, role_id, user_id, target_id) VALUES (582, 3, 1, NULL, 1, 580);


--
-- TOC entry 2262 (class 0 OID 151456)
-- Dependencies: 184
-- Data for Name: questionnaire_definition_translation; Type: TABLE DATA; Schema: public; Owner: postgres
--

INSERT INTO questionnaire_definition_translation (id, language, version, description, end_text, title, welcome_text, questionnairedefinition_id) VALUES (14, 'ES', 1, 'Cunto sabes sobre Europa? Contesta a estas preguntas y avergualo!', '', 'Test de conocimiento general sobre Europa', 'Gracias por participar en este cuestionario', 12);
INSERT INTO questionnaire_definition_translation (id, language, version, description, end_text, title, welcome_text, questionnairedefinition_id) VALUES (123, 'ES', 1, 'Cunto sabes sobre Europa? Contesta a estas preguntas y avergualo!', '', 'Test de conocimiento general sobre Europa', 'Gracias por participar en este cuestionario', 121);
INSERT INTO questionnaire_definition_translation (id, language, version, description, end_text, title, welcome_text, questionnairedefinition_id) VALUES (217, 'ES', 1, 'Cunto sabes sobre Europa? Contesta a estas preguntas y avergualo!', '', 'Test de conocimiento general sobre Europa', 'Gracias por participar en este cuestionario', 215);
INSERT INTO questionnaire_definition_translation (id, language, version, description, end_text, title, welcome_text, questionnairedefinition_id) VALUES (326, 'ES', 1, 'Cunto sabes sobre Europa? Contesta a estas preguntas y avergualo!', '', 'Test de conocimiento general sobre Europa', 'Gracias por participar en este cuestionario', 324);
INSERT INTO questionnaire_definition_translation (id, language, version, description, end_text, title, welcome_text, questionnairedefinition_id) VALUES (435, 'ES', 1, 'Cunto sabes sobre Europa? Contesta a estas preguntas y avergualo!', '', 'Test de conocimiento general sobre Europa', 'Gracias por participar en este cuestionario', 433);


--
-- TOC entry 2268 (class 0 OID 151498)
-- Dependencies: 190
-- Data for Name: questionnaire_permission; Type: TABLE DATA; Schema: public; Owner: postgres
--

INSERT INTO questionnaire_permission (id, mask, version, role_id, user_id, target_id) VALUES (107, 3, 1, NULL, 6, 106);
INSERT INTO questionnaire_permission (id, mask, version, role_id, user_id, target_id) VALUES (110, 3, 1, NULL, 4, 109);
INSERT INTO questionnaire_permission (id, mask, version, role_id, user_id, target_id) VALUES (113, 3, 1, NULL, 10, 112);
INSERT INTO questionnaire_permission (id, mask, version, role_id, user_id, target_id) VALUES (116, 3, 1, NULL, 8, 115);
INSERT INTO questionnaire_permission (id, mask, version, role_id, user_id, target_id) VALUES (310, 3, 1, NULL, 6, 309);
INSERT INTO questionnaire_permission (id, mask, version, role_id, user_id, target_id) VALUES (313, 3, 1, NULL, 4, 312);
INSERT INTO questionnaire_permission (id, mask, version, role_id, user_id, target_id) VALUES (316, 3, 1, NULL, 10, 315);
INSERT INTO questionnaire_permission (id, mask, version, role_id, user_id, target_id) VALUES (319, 3, 1, NULL, 8, 318);
INSERT INTO questionnaire_permission (id, mask, version, role_id, user_id, target_id) VALUES (419, 3, 1, NULL, 6, 418);
INSERT INTO questionnaire_permission (id, mask, version, role_id, user_id, target_id) VALUES (422, 3, 1, NULL, 4, 421);
INSERT INTO questionnaire_permission (id, mask, version, role_id, user_id, target_id) VALUES (425, 3, 1, NULL, 10, 424);
INSERT INTO questionnaire_permission (id, mask, version, role_id, user_id, target_id) VALUES (428, 3, 1, NULL, 8, 427);
INSERT INTO questionnaire_permission (id, mask, version, role_id, user_id, target_id) VALUES (528, 3, 1, NULL, 6, 527);
INSERT INTO questionnaire_permission (id, mask, version, role_id, user_id, target_id) VALUES (531, 3, 1, NULL, 4, 530);
INSERT INTO questionnaire_permission (id, mask, version, role_id, user_id, target_id) VALUES (534, 3, 1, NULL, 10, 533);
INSERT INTO questionnaire_permission (id, mask, version, role_id, user_id, target_id) VALUES (537, 3, 1, NULL, 8, 536);


--
-- TOC entry 2269 (class 0 OID 151503)
-- Dependencies: 191
-- Data for Name: research_permission; Type: TABLE DATA; Schema: public; Owner: postgres
--

INSERT INTO research_permission (id, mask, version, role_id, user_id, target_id) VALUES (105, 7, 1, NULL, 1, 103);
INSERT INTO research_permission (id, mask, version, role_id, user_id, target_id) VALUES (120, 7, 1, NULL, 1, 118);
INSERT INTO research_permission (id, mask, version, role_id, user_id, target_id) VALUES (214, 7, 1, NULL, 1, 212);
INSERT INTO research_permission (id, mask, version, role_id, user_id, target_id) VALUES (308, 7, 1, NULL, 1, 306);
INSERT INTO research_permission (id, mask, version, role_id, user_id, target_id) VALUES (323, 7, 1, NULL, 1, 321);
INSERT INTO research_permission (id, mask, version, role_id, user_id, target_id) VALUES (417, 7, 1, NULL, 1, 415);
INSERT INTO research_permission (id, mask, version, role_id, user_id, target_id) VALUES (432, 7, 1, NULL, 1, 430);
INSERT INTO research_permission (id, mask, version, role_id, user_id, target_id) VALUES (526, 7, 1, NULL, 1, 524);
INSERT INTO research_permission (id, mask, version, role_id, user_id, target_id) VALUES (541, 7, 1, NULL, 1, 539);
INSERT INTO research_permission (id, mask, version, role_id, user_id, target_id) VALUES (579, 7, 1, NULL, 1, 577);
INSERT INTO research_permission (id, mask, version, role_id, user_id, target_id) VALUES (670, 7, 1, NULL, 1, 668);


--
-- TOC entry 2265 (class 0 OID 151480)
-- Dependencies: 187
-- Data for Name: section_translation; Type: TABLE DATA; Schema: public; Owner: postgres
--

INSERT INTO section_translation (id, language, version, description, title, section_id) VALUES (16, 'ES', 1, '', 'Capitales Europeas', 15);
INSERT INTO section_translation (id, language, version, description, title, section_id) VALUES (18, 'ES', 1, '', 'Unin Europea', 17);
INSERT INTO section_translation (id, language, version, description, title, section_id) VALUES (20, 'ES', 1, '', 'Sociedad', 19);
INSERT INTO section_translation (id, language, version, description, title, section_id) VALUES (125, 'ES', 1, '', 'Capitales Europeas', 124);
INSERT INTO section_translation (id, language, version, description, title, section_id) VALUES (127, 'ES', 1, '', 'Unin Europea', 126);
INSERT INTO section_translation (id, language, version, description, title, section_id) VALUES (129, 'ES', 1, '', 'Sociedad', 128);
INSERT INTO section_translation (id, language, version, description, title, section_id) VALUES (219, 'ES', 1, '', 'Capitales Europeas', 218);
INSERT INTO section_translation (id, language, version, description, title, section_id) VALUES (221, 'ES', 1, '', 'Unin Europea', 220);
INSERT INTO section_translation (id, language, version, description, title, section_id) VALUES (223, 'ES', 1, '', 'Sociedad', 222);
INSERT INTO section_translation (id, language, version, description, title, section_id) VALUES (328, 'ES', 1, '', 'Capitales Europeas', 327);
INSERT INTO section_translation (id, language, version, description, title, section_id) VALUES (330, 'ES', 1, '', 'Unin Europea', 329);
INSERT INTO section_translation (id, language, version, description, title, section_id) VALUES (332, 'ES', 1, '', 'Sociedad', 331);
INSERT INTO section_translation (id, language, version, description, title, section_id) VALUES (437, 'ES', 1, '', 'Capitales Europeas', 436);
INSERT INTO section_translation (id, language, version, description, title, section_id) VALUES (439, 'ES', 1, '', 'Unin Europea', 438);
INSERT INTO section_translation (id, language, version, description, title, section_id) VALUES (441, 'ES', 1, '', 'Sociedad', 440);


--
-- TOC entry 2277 (class 0 OID 151906)
-- Dependencies: 199
-- Data for Name: sequence; Type: TABLE DATA; Schema: public; Owner: postgres
--

INSERT INTO sequence (seq_name, seq_count) VALUES ('questionnaire_answers_12_seq', 50);
INSERT INTO sequence (seq_name, seq_count) VALUES ('questionnaire_answers_121_seq', 0);
INSERT INTO sequence (seq_name, seq_count) VALUES ('questionnaire_answers_215_seq', 50);
INSERT INTO sequence (seq_name, seq_count) VALUES ('questionnaire_answers_324_seq', 50);
INSERT INTO sequence (seq_name, seq_count) VALUES ('questionnaire_answers_433_seq', 50);
INSERT INTO sequence (seq_name, seq_count) VALUES ('questionnaire_answers_542_seq', 0);
INSERT INTO sequence (seq_name, seq_count) VALUES ('SEQ_GEN', 700);
INSERT INTO sequence (seq_name, seq_count) VALUES ('questionnaire_answers_580_seq', 0);


--
-- TOC entry 2275 (class 0 OID 151551)
-- Dependencies: 197
-- Data for Name: user_group; Type: TABLE DATA; Schema: public; Owner: postgres
--



--
-- TOC entry 2270 (class 0 OID 151508)
-- Dependencies: 192
-- Data for Name: user_permission; Type: TABLE DATA; Schema: public; Owner: postgres
--

INSERT INTO user_permission (id, mask, version, role_id, user_id, target_id) VALUES (2, 7, 1, NULL, 1, 1);
INSERT INTO user_permission (id, mask, version, role_id, user_id, target_id) VALUES (5, 7, 1, NULL, 1, 4);
INSERT INTO user_permission (id, mask, version, role_id, user_id, target_id) VALUES (7, 7, 1, NULL, 1, 6);
INSERT INTO user_permission (id, mask, version, role_id, user_id, target_id) VALUES (9, 7, 1, NULL, 1, 8);
INSERT INTO user_permission (id, mask, version, role_id, user_id, target_id) VALUES (11, 7, 1, NULL, 1, 10);


--
-- TOC entry 2276 (class 0 OID 151556)
-- Dependencies: 198
-- Data for Name: user_role; Type: TABLE DATA; Schema: public; Owner: postgres
--



-- Completed on 2014-10-29 09:58:20

--
-- PostgreSQL database dump complete
--

